cat,folder,file,split,confirmed,reasons
C,positive,vektora_004.wav,train,,
B,positive,vektora_005.wav,train,,heavy clipping 5.4%
C,positive,vektora_006.wav,train,,
C,positive,vektora_007.wav,train,,
C,positive,vektora_008.wav,train,,
C,positive,vektora_009.wav,train,,
C,positive,vektora_010.wav,train,,
C,positive,vektora_011.wav,train,,
C,positive,vektora_012.wav,train,,
C,positive,vektora_013.wav,train,,
C,positive,vektora_014.wav,train,,
C,positive,vektora_015.wav,train,,
C,positive,vektora_016.wav,train,,
C,positive,vektora_017.wav,train,,
A,positive,vektora_019.wav,excluded,yes,chopped: 2 abrupt zero-gaps (longest 136 ms)
B,positive,vektora_020.wav,excluded,yes,heavy clipping 6.3%; high noise floor -26.7 dB
A,positive,vektora_021.wav,excluded,yes,chopped: 4 abrupt zero-gaps (longest 117 ms); high noise floor -26.0 dB
A,positive,vektora_022.wav,excluded,yes,chopped: 3 abrupt zero-gaps (longest 83 ms); high noise floor -26.8 dB
B,positive,vektora_023.wav,excluded,yes,high noise floor -25.2 dB
B,positive,vektora_024.wav,excluded,yes,high noise floor -24.9 dB
B,positive,vektora_025.wav,excluded,yes,heavy clipping 5.4%; high noise floor -27.2 dB
B,positive,vektora_026.wav,excluded,yes,high noise floor -26.9 dB
B,positive,vektora_027.wav,excluded,yes,heavy clipping 6.6%; high noise floor -22.9 dB
B,positive,vektora_028.wav,excluded,yes,high noise floor -27.8 dB
B,positive,vektora_029.wav,excluded,yes,heavy clipping 7.9%; high noise floor -24.7 dB
B,positive,vektora_030.wav,excluded,yes,high noise floor -27.6 dB
B,positive,vektora_031.wav,train,,high noise floor -26.0 dB
A,positive,vektora_032.wav,train,,chopped: 3 abrupt zero-gaps (longest 143 ms); heavy clipping 6.9%
B,positive,vektora_033.wav,train,,high noise floor -24.0 dB
A,positive,vektora_034.wav,train,,chopped: 2 abrupt zero-gaps (longest 52 ms)
B,positive,vektora_036.wav,train,,heavy clipping 7.1%
B,positive,vektora_037.wav,train,,1 abrupt zero-gap (52 ms); heavy clipping 6.5%
B,positive,vektora_038.wav,train,,heavy clipping 5.7%
B,positive,vektora_039.wav,train,,1 abrupt zero-gap (31 ms); heavy clipping 6.2%
C,positive,vektora_040.wav,val,,
C,positive,vektora_041.wav,val,,
C,positive,vektora_042.wav,val,,
C,positive,vektora_043.wav,val,,
C,positive,vektora_044.wav,val,,
C,positive,vektora_045.wav,val,,
C,positive,vektora_046.wav,val,,
C,positive,vektora_047.wav,val,,
B,positive,vektora_048.wav,val,,heavy clipping 7.0%
C,positive,vektora_050.wav,val,,
C,positive,vektora_051.wav,val,,
C,positive,vektora_052.wav,val,,
C,positive,vektora_053.wav,val,,
C,positive,vektora_054.wav,val,,
A,positive,vektora_055.wav,val,,severe clipping 11.3%
A,positive,vektora_056.wav,val,,chopped: 4 abrupt zero-gaps (longest 99 ms); heavy clipping 7.4%
A,positive,vektora_057.wav,val,,chopped: 3 abrupt zero-gaps (longest 99 ms); heavy clipping 6.7%
C,positive,vektora_058.wav,val,,
B,positive,vektora_060.wav,train,,high noise floor -27.3 dB
C,positive,vektora_061.wav,train,,
C,positive,vektora_062.wav,train,,
C,positive,vektora_066.wav,train,,
C,positive,vektora_068.wav,train,,
C,positive,vektora_071.wav,train,,
C,positive,vektora_074.wav,train,,
C,positive,vektora_076.wav,train,,
C,positive,vektora_077.wav,train,,
C,positive,vektora_081.wav,train,,
C,positive,vektora_083.wav,train,,
C,positive,vektora_084.wav,train,,
C,positive,vektora_085.wav,train,,
C,positive,vektora_086.wav,train,,
C,positive,vektora_087.wav,train,,
C,positive,vektora_088.wav,train,,
C,positive,vektora_091.wav,train,,
C,positive,vektora_092.wav,train,,
C,positive,vektora_093.wav,train,,
C,positive,vektora_094.wav,train,,
C,positive,vektora_096.wav,train,,
C,positive,vektora_098.wav,train,,
C,positive,vektora_099.wav,train,,
C,positive,vektora_1.wav,train,,
C,positive,vektora_100.wav,train,,
C,positive,vektora_102.wav,train,,
C,positive,vektora_103.wav,train,,
B,positive,vektora_104.wav,train,,1 abrupt zero-gap (53 ms)
C,positive,vektora_105.wav,train,,
A,positive,vektora_108.wav,train,,chopped: 2 abrupt zero-gaps (longest 48 ms)
B,positive,vektora_111.wav,train,,1 abrupt zero-gap (84 ms)
C,positive,vektora_113.wav,train,,
C,positive,vektora_116.wav,train,,
C,positive,vektora_118.wav,train,,
C,positive,vektora_119.wav,train,,
C,positive,vektora_120.wav,train,,
C,positive,vektora_121.wav,train,,
C,positive,vektora_122.wav,train,,
C,positive,vektora_123.wav,train,,
C,positive,vektora_124.wav,train,,
C,positive,vektora_125.wav,train,,
C,positive,vektora_126.wav,train,,
C,positive,vektora_127.wav,train,,
C,positive,vektora_128.wav,train,,
C,positive,vektora_129.wav,train,,
C,positive,vektora_130.wav,train,,
C,positive,vektora_131.wav,train,,
C,positive,vektora_132.wav,train,,
C,positive,vektora_133.wav,train,,
C,positive,vektora_134.wav,train,,
C,positive,vektora_136.wav,train,,
C,positive,vektora_137.wav,train,,
C,positive,vektora_138.wav,train,,
C,positive,vektora_139.wav,train,,
C,positive,vektora_140.wav,train,,
C,positive,vektora_141.wav,train,,
C,positive,vektora_142.wav,train,,
C,positive,vektora_143.wav,train,,
C,positive,vektora_144.wav,train,,
C,positive,vektora_145.wav,train,,
C,positive,vektora_147.wav,train,,
C,positive,vektora_148.wav,train,,
C,positive,vektora_149.wav,train,,
C,positive,vektora_150.wav,test,,
C,positive,vektora_151.wav,test,,
C,positive,vektora_152.wav,test,,
C,positive,vektora_153.wav,test,,
C,positive,vektora_154.wav,test,,
C,positive,vektora_155.wav,test,,
C,positive,vektora_157.wav,test,,
C,positive,vektora_158.wav,test,,
C,positive,vektora_159.wav,test,,
C,positive,vektora_160.wav,train,,
C,positive,vektora_161.wav,train,,
C,positive,vektora_162.wav,train,,
C,positive,vektora_163.wav,train,,
C,positive,vektora_164.wav,train,,
C,positive,vektora_165.wav,train,,
C,positive,vektora_166.wav,train,,
C,positive,vektora_167.wav,train,,
C,positive,vektora_168.wav,train,,
C,positive,vektora_169.wav,train,,
C,positive,vektora_170.wav,val,,
C,positive,vektora_172.wav,val,,
C,positive,vektora_173.wav,val,,
C,positive,vektora_174.wav,val,,
C,positive,vektora_175.wav,val,,
C,positive,vektora_176.wav,val,,
C,positive,vektora_177.wav,val,,
C,positive,vektora_179.wav,val,,
C,positive,vektora_180.wav,test,,
C,positive,vektora_181.wav,test,,
C,positive,vektora_182.wav,test,,
C,positive,vektora_183.wav,test,,
C,positive,vektora_184.wav,test,,
C,positive,vektora_185.wav,test,,
C,positive,vektora_186.wav,test,,
C,positive,vektora_187.wav,test,,
C,positive,vektora_188.wav,test,,
C,positive,vektora_189.wav,test,,
C,positive,vektora_190.wav,train,,
C,hard_negative,hard_neg_ (10).wav,train,,
C,hard_negative,hard_neg_ (100).wav,train,,
C,hard_negative,hard_neg_ (101).wav,train,,
C,hard_negative,hard_neg_ (102).wav,train,,
C,hard_negative,hard_neg_ (103).wav,train,,
C,hard_negative,hard_neg_ (104).wav,train,,
C,hard_negative,hard_neg_ (105).wav,train,,
C,hard_negative,hard_neg_ (106).wav,train,,
C,hard_negative,hard_neg_ (107).wav,train,,
C,hard_negative,hard_neg_ (108).wav,train,,
C,hard_negative,hard_neg_ (109).wav,train,,
C,hard_negative,hard_neg_ (11).wav,train,,
C,hard_negative,hard_neg_ (110).wav,train,,
C,hard_negative,hard_neg_ (111).wav,train,,
C,hard_negative,hard_neg_ (112).wav,train,,
C,hard_negative,hard_neg_ (113).wav,train,,
C,hard_negative,hard_neg_ (12).wav,train,,
C,hard_negative,hard_neg_ (13).wav,train,,
C,hard_negative,hard_neg_ (14).wav,train,,
C,hard_negative,hard_neg_ (15).wav,train,,
C,hard_negative,hard_neg_ (16).wav,train,,
C,hard_negative,hard_neg_ (17).wav,train,,
C,hard_negative,hard_neg_ (18).wav,train,,
C,hard_negative,hard_neg_ (19).wav,train,,
C,hard_negative,hard_neg_ (20).wav,train,,
C,hard_negative,hard_neg_ (21).wav,train,,
C,hard_negative,hard_neg_ (22).wav,train,,
B,hard_negative,hard_neg_ (23).wav,train,,level outlier -29.1 dBFS (folder median -15.1)
C,hard_negative,hard_neg_ (24).wav,train,,
C,hard_negative,hard_neg_ (25).wav,train,,
C,hard_negative,hard_neg_ (26).wav,train,,
C,hard_negative,hard_neg_ (27).wav,train,,
C,hard_negative,hard_neg_ (28).wav,train,,
C,hard_negative,hard_neg_ (29).wav,train,,
C,hard_negative,hard_neg_ (3).wav,train,,
C,hard_negative,hard_neg_ (30).wav,test,,
C,hard_negative,hard_neg_ (31).wav,test,,
C,hard_negative,hard_neg_ (32).wav,test,,
C,hard_negative,hard_neg_ (33).wav,test,,
C,hard_negative,hard_neg_ (34).wav,test,,
C,hard_negative,hard_neg_ (35).wav,test,,
C,hard_negative,hard_neg_ (36).wav,test,,
C,hard_negative,hard_neg_ (37).wav,test,,
C,hard_negative,hard_neg_ (38).wav,test,,
C,hard_negative,hard_neg_ (39).wav,test,,
C,hard_negative,hard_neg_ (40).wav,train,,
C,hard_negative,hard_neg_ (41).wav,train,,
C,hard_negative,hard_neg_ (42).wav,train,,
B,hard_negative,hard_neg_ (43).wav,train,,level outlier -32.4 dBFS (folder median -15.1)
C,hard_negative,hard_neg_ (44).wav,train,,
C,hard_negative,hard_neg_ (45).wav,train,,
C,hard_negative,hard_neg_ (46).wav,train,,
C,hard_negative,hard_neg_ (47).wav,train,,
C,hard_negative,hard_neg_ (48).wav,train,,
C,hard_negative,hard_neg_ (49).wav,train,,
C,hard_negative,hard_neg_ (5).wav,train,,
C,hard_negative,hard_neg_ (50).wav,train,,
C,hard_negative,hard_neg_ (51).wav,train,,
C,hard_negative,hard_neg_ (52).wav,train,,
C,hard_negative,hard_neg_ (53).wav,train,,
C,hard_negative,hard_neg_ (54).wav,train,,
C,hard_negative,hard_neg_ (55).wav,train,,
C,hard_negative,hard_neg_ (56).wav,train,,
C,hard_negative,hard_neg_ (57).wav,train,,
C,hard_negative,hard_neg_ (58).wav,train,,
C,hard_negative,hard_neg_ (59).wav,train,,
C,hard_negative,hard_neg_ (60).wav,val,,
C,hard_negative,hard_neg_ (61).wav,val,,
C,hard_negative,hard_neg_ (62).wav,val,,
C,hard_negative,hard_neg_ (63).wav,val,,
C,hard_negative,hard_neg_ (64).wav,val,,
C,hard_negative,hard_neg_ (65).wav,val,,
C,hard_negative,hard_neg_ (66).wav,val,,
C,hard_negative,hard_neg_ (67).wav,val,,
C,hard_negative,hard_neg_ (68).wav,val,,
C,hard_negative,hard_neg_ (69).wav,val,,
C,hard_negative,hard_neg_ (7).wav,train,,
C,hard_negative,hard_neg_ (70).wav,train,,
C,hard_negative,hard_neg_ (71).wav,train,,
C,hard_negative,hard_neg_ (72).wav,train,,
C,hard_negative,hard_neg_ (73).wav,train,,
C,hard_negative,hard_neg_ (74).wav,train,,
C,hard_negative,hard_neg_ (75).wav,train,,
C,hard_negative,hard_neg_ (76).wav,train,,
C,hard_negative,hard_neg_ (77).wav,train,,
C,hard_negative,hard_neg_ (78).wav,train,,
C,hard_negative,hard_neg_ (79).wav,train,,
C,hard_negative,hard_neg_ (8).wav,train,,
C,hard_negative,hard_neg_ (80).wav,val,,
C,hard_negative,hard_neg_ (81).wav,val,,
C,hard_negative,hard_neg_ (82).wav,val,,
C,hard_negative,hard_neg_ (83).wav,val,,
C,hard_negative,hard_neg_ (84).wav,val,,
C,hard_negative,hard_neg_ (85).wav,val,,
C,hard_negative,hard_neg_ (86).wav,val,,
C,hard_negative,hard_neg_ (87).wav,val,,
C,hard_negative,hard_neg_ (88).wav,val,,
B,hard_negative,hard_neg_ (89).wav,val,,1 abrupt zero-gap (94 ms); heavy clipping 6.0%
C,hard_negative,hard_neg_ (9).wav,train,,
C,hard_negative,hard_neg_ (90).wav,test,,
C,hard_negative,hard_neg_ (91).wav,test,,
C,hard_negative,hard_neg_ (92).wav,test,,
C,hard_negative,hard_neg_ (93).wav,test,,
C,hard_negative,hard_neg_ (94).wav,test,,
C,hard_negative,hard_neg_ (95).wav,test,,
C,hard_negative,hard_neg_ (96).wav,test,,
C,hard_negative,hard_neg_ (97).wav,test,,
C,hard_negative,hard_neg_ (98).wav,test,,
C,hard_negative,hard_neg_ (99).wav,test,,
C,hard_negative,hard_neg_(2).wav,train,,
C,hard_negative,hard_neg_(4).wav,train,,
C,hard_negative,hard_neg_(6).wav,train,,
C,generic_negative,generic_neg_001.wav,train,,
C,generic_negative,generic_neg_002.wav,train,,
C,generic_negative,generic_neg_003.wav,train,,
A,generic_negative,generic_neg_004.wav,train,,chopped: 3 abrupt zero-gaps (longest 85 ms)
A,generic_negative,generic_neg_005.wav,train,,chopped: 2 abrupt zero-gaps (longest 83 ms)
C,generic_negative,generic_neg_006.wav,train,,
C,generic_negative,generic_neg_007.wav,train,,
C,generic_negative,generic_neg_008.wav,train,,
C,generic_negative,generic_neg_009.wav,train,,
C,generic_negative,generic_neg_010.wav,train,,
C,generic_negative,generic_neg_011.wav,train,,
C,generic_negative,generic_neg_012.wav,train,,
C,generic_negative,generic_neg_013.wav,train,,
C,generic_negative,generic_neg_014.wav,train,,
C,generic_negative,generic_neg_015.wav,train,,
C,generic_negative,generic_neg_016.wav,train,,
C,generic_negative,generic_neg_017.wav,train,,
C,generic_negative,generic_neg_018.wav,train,,
C,generic_negative,generic_neg_019.wav,train,,
C,generic_negative,generic_neg_020.wav,val,,
C,generic_negative,generic_neg_021.wav,val,,
C,generic_negative,generic_neg_022.wav,val,,
C,generic_negative,generic_neg_023.wav,val,,
C,generic_negative,generic_neg_024.wav,val,,
C,generic_negative,generic_neg_025.wav,val,,
C,generic_negative,generic_neg_026.wav,val,,
C,generic_negative,generic_neg_027.wav,val,,
C,generic_negative,generic_neg_028.wav,val,,
C,generic_negative,generic_neg_029.wav,val,,
C,generic_negative,generic_neg_030.wav,train,,
C,generic_negative,generic_neg_031.wav,train,,
C,generic_negative,generic_neg_032.wav,train,,
C,generic_negative,generic_neg_033.wav,train,,
C,generic_negative,generic_neg_034.wav,train,,
C,generic_negative,generic_neg_035.wav,train,,
C,generic_negative,generic_neg_036.wav,train,,
C,generic_negative,generic_neg_037.wav,train,,
C,generic_negative,generic_neg_038.wav,train,,
C,generic_negative,generic_neg_039.wav,train,,
C,generic_negative,generic_neg_040.wav,test,,
C,generic_negative,generic_neg_041.wav,test,,
C,generic_negative,generic_neg_042.wav,test,,
C,generic_negative,generic_neg_043.wav,test,,
C,generic_negative,generic_neg_044.wav,test,,
C,generic_negative,generic_neg_045.wav,test,,
C,generic_negative,generic_neg_046.wav,test,,
C,generic_negative,generic_neg_047.wav,test,,
C,generic_negative,generic_neg_048.wav,test,,
C,generic_negative,generic_neg_049.wav,test,,
C,generic_negative,generic_neg_050.wav,train,,
C,generic_negative,generic_neg_051.wav,train,,
C,generic_negative,generic_neg_052.wav,train,,
C,generic_negative,generic_neg_053.wav,train,,
C,generic_negative,generic_neg_054.wav,train,,
C,generic_negative,generic_neg_055.wav,train,,
C,generic_negative,generic_neg_056.wav,train,,
C,generic_negative,generic_neg_057.wav,train,,
C,generic_negative,generic_neg_058.wav,train,,
C,generic_negative,generic_neg_059.wav,train,,
C,generic_negative,generic_neg_060.wav,val,,
C,generic_negative,generic_neg_061.wav,val,,
C,generic_negative,generic_neg_062.wav,val,,
C,generic_negative,generic_neg_063.wav,val,,
C,generic_negative,generic_neg_064.wav,val,,
C,generic_negative,generic_neg_065.wav,val,,
C,generic_negative,generic_neg_066.wav,val,,
C,generic_negative,generic_neg_067.wav,val,,
C,generic_negative,generic_neg_068.wav,val,,
C,generic_negative,generic_neg_069.wav,val,,
C,generic_negative,generic_neg_070.wav,test,,
C,generic_negative,generic_neg_071.wav,test,,
C,generic_negative,generic_neg_072.wav,test,,
C,generic_negative,generic_neg_073.wav,test,,
C,generic_negative,generic_neg_074.wav,test,,
C,generic_negative,generic_neg_075.wav,test,,
C,generic_negative,generic_neg_076.wav,test,,
C,generic_negative,generic_neg_077.wav,test,,
C,generic_negative,generic_neg_078.wav,test,,
C,generic_negative,generic_neg_079.wav,test,,
C,generic_negative,generic_neg_080.wav,train,,
C,generic_negative,generic_neg_081.wav,train,,
C,generic_negative,generic_neg_082.wav,train,,
C,generic_negative,generic_neg_083.wav,train,,
C,generic_negative,generic_neg_084.wav,train,,
C,generic_negative,generic_neg_085.wav,train,,
C,generic_negative,generic_neg_086.wav,train,,
C,generic_negative,generic_neg_087.wav,train,,
C,generic_negative,generic_neg_088.wav,train,,
C,generic_negative,generic_neg_089.wav,train,,
C,generic_negative,generic_neg_090.wav,train,,
C,generic_negative,generic_neg_091.wav,train,,
C,generic_negative,generic_neg_092.wav,train,,
C,generic_negative,generic_neg_093.wav,train,,
C,generic_negative,generic_neg_094.wav,train,,
C,generic_negative,generic_neg_095.wav,train,,
C,generic_negative,generic_neg_096.wav,train,,
C,generic_negative,generic_neg_097.wav,train,,
C,generic_negative,generic_neg_098.wav,train,,
C,generic_negative,generic_neg_099.wav,train,,
C,generic_negative,generic_neg_100.wav,val,,
C,generic_negative,gsc_backward_0b7ee1a0_nohash_2.wav,train,,
C,generic_negative,gsc_backward_211b928a_nohash_4.wav,train,,
C,generic_negative,gsc_backward_23da904f_nohash_2.wav,train,,
C,generic_negative,gsc_backward_2aca1e72_nohash_5.wav,train,,
C,generic_negative,gsc_backward_45692b02_nohash_0.wav,val,,
C,generic_negative,gsc_backward_4fd1443e_nohash_0.wav,train,,
C,generic_negative,gsc_backward_578d3efb_nohash_1.wav,train,,
C,generic_negative,gsc_backward_cc3b5b62_nohash_2.wav,train,,
C,generic_negative,gsc_backward_d4dddb92_nohash_2.wav,val,,
C,generic_negative,gsc_backward_ef3367d9_nohash_2.wav,train,,
C,generic_negative,gsc_backward_ef77b778_nohash_2.wav,train,,
C,generic_negative,gsc_backward_ef77b778_nohash_4.wav,train,,
C,generic_negative,gsc_bed_09ddc105_nohash_1.wav,train,,
C,generic_negative,gsc_bed_0b56bcfe_nohash_0.wav,test,,
C,generic_negative,gsc_bed_1970b130_nohash_0.wav,train,,
C,generic_negative,gsc_bed_1a073312_nohash_1.wav,train,,
C,generic_negative,gsc_bed_3df9a3d4_nohash_0.wav,val,,
C,generic_negative,gsc_bed_41474817_nohash_0.wav,train,,
B,generic_negative,gsc_bed_708a9569_nohash_0.wav,test,,6 soft zero-gap(s) (31 ms)
C,generic_negative,gsc_bed_88a487ce_nohash_0.wav,train,,
C,generic_negative,gsc_bed_93ec8b84_nohash_0.wav,train,,
C,generic_negative,gsc_bed_9efe5140_nohash_1.wav,train,,
C,generic_negative,gsc_bed_a24582a0_nohash_0.wav,val,,
C,generic_negative,gsc_bird_042ea76c_nohash_0.wav,train,,
C,generic_negative,gsc_bird_129c7d8d_nohash_0.wav,train,,
C,generic_negative,gsc_bird_533c6564_nohash_0.wav,val,,
C,generic_negative,gsc_bird_559bc36a_nohash_0.wav,train,,
C,generic_negative,gsc_bird_65d844fc_nohash_0.wav,train,,
C,generic_negative,gsc_bird_70b0ccf4_nohash_0.wav,test,,
C,generic_negative,gsc_bird_8fe67225_nohash_0.wav,train,,
C,generic_negative,gsc_bird_b0ae6326_nohash_0.wav,train,,
C,generic_negative,gsc_bird_d7a58714_nohash_2.wav,train,,
C,generic_negative,gsc_bird_d926bb17_nohash_0.wav,test,,
C,generic_negative,gsc_bird_e63b69c5_nohash_1.wav,test,,
C,generic_negative,gsc_cat_1a4259c3_nohash_0.wav,test,,
C,generic_negative,gsc_cat_1b42b551_nohash_0.wav,train,,
C,generic_negative,gsc_cat_1c84a139_nohash_0.wav,train,,
C,generic_negative,gsc_cat_380abbad_nohash_0.wav,test,,
C,generic_negative,gsc_cat_5db0e146_nohash_0.wav,val,,
C,generic_negative,gsc_cat_5ff3f9a1_nohash_0.wav,train,,
C,generic_negative,gsc_cat_637c702a_nohash_0.wav,train,,
C,generic_negative,gsc_cat_66cff190_nohash_1.wav,train,,
C,generic_negative,gsc_cat_a3502f15_nohash_0.wav,test,,
C,generic_negative,gsc_cat_c87a578d_nohash_1.wav,train,,
C,generic_negative,gsc_cat_dca2797e_nohash_0.wav,train,,
C,generic_negative,gsc_cat_f798ac78_nohash_0.wav,train,,
C,generic_negative,gsc_dog_16d41d07_nohash_1.wav,train,,
C,generic_negative,gsc_dog_179a61b7_nohash_0.wav,val,,
C,generic_negative,gsc_dog_22296dbe_nohash_0.wav,train,,
C,generic_negative,gsc_dog_26b28ea7_nohash_2.wav,val,,
C,generic_negative,gsc_dog_3dfd6c23_nohash_0.wav,train,,
C,generic_negative,gsc_dog_6414258b_nohash_1.wav,train,,
B,generic_negative,gsc_dog_74551073_nohash_1.wav,test,,10 soft zero-gap(s) (148 ms)
C,generic_negative,gsc_dog_876c84d6_nohash_0.wav,train,,
C,generic_negative,gsc_dog_97101ef3_nohash_0.wav,test,,
C,generic_negative,gsc_dog_b83c1acf_nohash_0.wav,val,,
C,generic_negative,gsc_dog_c0e8f5a1_nohash_0.wav,val,,
C,generic_negative,gsc_dog_e57d35bc_nohash_0.wav,train,,
C,generic_negative,gsc_down_18e910f4_nohash_0.wav,train,,
C,generic_negative,gsc_down_1d1fe0a0_nohash_1.wav,train,,
C,generic_negative,gsc_down_3c8dc702_nohash_0.wav,train,,
C,generic_negative,gsc_down_4c3cddb8_nohash_2.wav,train,,
C,generic_negative,gsc_down_4fd1443e_nohash_1.wav,train,,
C,generic_negative,gsc_down_686d030b_nohash_2.wav,test,,
C,generic_negative,gsc_down_80be36a2_nohash_0.wav,train,,
C,generic_negative,gsc_down_b19f7f5f_nohash_1.wav,train,,
C,generic_negative,gsc_down_ceef6d96_nohash_1.wav,train,,
C,generic_negative,gsc_down_dfb6450b_nohash_0.wav,test,,
C,generic_negative,gsc_down_e6e29c47_nohash_0.wav,train,,
C,generic_negative,gsc_down_eaa83485_nohash_1.wav,val,,
C,generic_negative,gsc_eight_15f04ff8_nohash_0.wav,train,,
C,generic_negative,gsc_eight_2fee065a_nohash_0.wav,train,,
C,generic_negative,gsc_eight_3b4f8f24_nohash_1.wav,train,,
C,generic_negative,gsc_eight_4c6167ca_nohash_5.wav,test,,
B,generic_negative,gsc_eight_651d108f_nohash_0.wav,val,,high noise floor -27.4 dB
C,generic_negative,gsc_eight_679463fc_nohash_3.wav,val,,
C,generic_negative,gsc_eight_68effe85_nohash_0.wav,val,,
C,generic_negative,gsc_eight_ad6a46f1_nohash_0.wav,test,,
C,generic_negative,gsc_eight_b69fe0e2_nohash_4.wav,train,,
C,generic_negative,gsc_eight_bbc30633_nohash_3.wav,train,,
C,generic_negative,gsc_eight_beb458a4_nohash_1.wav,train,,
C,generic_negative,gsc_eight_c351e611_nohash_2.wav,train,,
C,generic_negative,gsc_five_2b5e346d_nohash_2.wav,train,,
C,generic_negative,gsc_five_2d82a556_nohash_1.wav,train,,
C,generic_negative,gsc_five_3d9bbe2d_nohash_2.wav,train,,
C,generic_negative,gsc_five_45864319_nohash_1.wav,train,,
C,generic_negative,gsc_five_62f05757_nohash_2.wav,train,,
C,generic_negative,gsc_five_7b301939_nohash_1.wav,test,,
C,generic_negative,gsc_five_8dc18a75_nohash_4.wav,train,,
B,generic_negative,gsc_five_a7dd45cf_nohash_0.wav,train,,high noise floor -27.4 dB
C,generic_negative,gsc_five_a9ca1818_nohash_2.wav,train,,
C,generic_negative,gsc_five_b55a09be_nohash_0.wav,test,,
C,generic_negative,gsc_five_be0f2293_nohash_0.wav,val,,
C,generic_negative,gsc_five_f0659908_nohash_1.wav,train,,
C,generic_negative,gsc_follow_0cb74144_nohash_2.wav,train,,
C,generic_negative,gsc_follow_1496195a_nohash_4.wav,train,,
C,generic_negative,gsc_follow_18e910f4_nohash_2.wav,train,,
C,generic_negative,gsc_follow_45692b02_nohash_1.wav,val,,
C,generic_negative,gsc_follow_4995d875_nohash_3.wav,train,,
C,generic_negative,gsc_follow_559bc36a_nohash_2.wav,train,,
C,generic_negative,gsc_follow_66e8a4ec_nohash_0.wav,test,,
C,generic_negative,gsc_follow_69a1a79f_nohash_2.wav,val,,
C,generic_negative,gsc_follow_89947bd7_nohash_4.wav,train,,
C,generic_negative,gsc_follow_bbf38549_nohash_4.wav,train,,
C,generic_negative,gsc_follow_ff2b842e_nohash_3.wav,train,,
C,generic_negative,gsc_forward_30060aba_nohash_2.wav,test,,
C,generic_negative,gsc_forward_435695e3_nohash_2.wav,train,,
C,generic_negative,gsc_forward_45692b02_nohash_0.wav,val,,
C,generic_negative,gsc_forward_5a5721f8_nohash_0.wav,train,,
C,generic_negative,gsc_forward_679463fc_nohash_0.wav,val,,
C,generic_negative,gsc_forward_893705bb_nohash_2.wav,train,,
C,generic_negative,gsc_forward_a04817c2_nohash_4.wav,train,,
C,generic_negative,gsc_forward_ac9dee0e_nohash_1.wav,train,,
C,generic_negative,gsc_forward_c351e611_nohash_2.wav,train,,
C,generic_negative,gsc_forward_dcbfe008_nohash_1.wav,train,,
C,generic_negative,gsc_forward_e11fbc6e_nohash_0.wav,train,,
C,generic_negative,gsc_forward_f30285c8_nohash_3.wav,train,,
C,generic_negative,gsc_four_2748cce7_nohash_1.wav,train,,
C,generic_negative,gsc_four_44260689_nohash_1.wav,train,,
C,generic_negative,gsc_four_499be02e_nohash_1.wav,train,,
B,generic_negative,gsc_four_7014b07e_nohash_1.wav,train,,high noise floor -12.8 dB
C,generic_negative,gsc_four_79903546_nohash_0.wav,train,,
C,generic_negative,gsc_four_9a356ab9_nohash_0.wav,test,,
C,generic_negative,gsc_four_a05a90c1_nohash_1.wav,train,,
C,generic_negative,gsc_four_a77fbcfd_nohash_3.wav,test,,
C,generic_negative,gsc_four_a7acbbeb_nohash_2.wav,train,,
C,generic_negative,gsc_four_cf8d91cf_nohash_0.wav,test,,
C,generic_negative,gsc_four_cfde27ba_nohash_1.wav,train,,
C,generic_negative,gsc_four_fb8c31a9_nohash_1.wav,test,,
C,generic_negative,gsc_go_0d82fd99_nohash_3.wav,train,,
C,generic_negative,gsc_go_196e84b7_nohash_0.wav,train,,
C,generic_negative,gsc_go_1e02ffc5_nohash_1.wav,train,,
B,generic_negative,gsc_go_25132942_nohash_0.wav,val,,4 soft zero-gap(s) (19 ms)
C,generic_negative,gsc_go_28e47b1a_nohash_4.wav,train,,
C,generic_negative,gsc_go_39999a0f_nohash_1.wav,val,,
C,generic_negative,gsc_go_6124b431_nohash_2.wav,val,,
C,generic_negative,gsc_go_87728a88_nohash_0.wav,train,,
C,generic_negative,gsc_go_8b25410a_nohash_2.wav,train,,
C,generic_negative,gsc_go_af6fbbf5_nohash_2.wav,test,,
C,generic_negative,gsc_go_cc2f1a85_nohash_1.wav,train,,
C,generic_negative,gsc_go_e9287461_nohash_0.wav,train,,
C,generic_negative,gsc_happy_07089da9_nohash_0.wav,train,,
C,generic_negative,gsc_happy_2250f5f2_nohash_1.wav,train,,
C,generic_negative,gsc_happy_3a53b856_nohash_0.wav,train,,
C,generic_negative,gsc_happy_3b7f817e_nohash_0.wav,val,,
C,generic_negative,gsc_happy_525eaa62_nohash_0.wav,train,,
C,generic_negative,gsc_happy_824e8ce5_nohash_0.wav,train,,
B,generic_negative,gsc_happy_88e90bc1_nohash_1.wav,train,,high noise floor -24.1 dB
C,generic_negative,gsc_happy_c351e611_nohash_0.wav,train,,
C,generic_negative,gsc_happy_c50225fa_nohash_1.wav,test,,
C,generic_negative,gsc_happy_d952a17e_nohash_0.wav,train,,
C,generic_negative,gsc_happy_f1b35ace_nohash_0.wav,train,,
C,generic_negative,gsc_house_016e2c6d_nohash_1.wav,train,,
C,generic_negative,gsc_house_363c6bad_nohash_1.wav,train,,
C,generic_negative,gsc_house_4e8c5516_nohash_2.wav,train,,
C,generic_negative,gsc_house_5a3712c9_nohash_0.wav,train,,
C,generic_negative,gsc_house_645ed69d_nohash_0.wav,test,,
C,generic_negative,gsc_house_82b99576_nohash_0.wav,train,,
C,generic_negative,gsc_house_936de313_nohash_0.wav,train,,
C,generic_negative,gsc_house_d312f481_nohash_0.wav,train,,
C,generic_negative,gsc_house_dce05676_nohash_0.wav,test,,
B,generic_negative,gsc_house_f638a812_nohash_0.wav,train,,heavy clipping 5.2%
C,generic_negative,gsc_house_facd97c0_nohash_0.wav,train,,
C,generic_negative,gsc_learn_00970ce1_nohash_0.wav,train,,
C,generic_negative,gsc_learn_0a2b400e_nohash_1.wav,val,,
C,generic_negative,gsc_learn_24a3e589_nohash_0.wav,val,,
C,generic_negative,gsc_learn_31f01a8d_nohash_0.wav,test,,
C,generic_negative,gsc_learn_32ad5b65_nohash_1.wav,train,,
C,generic_negative,gsc_learn_676f8138_nohash_2.wav,train,,
C,generic_negative,gsc_learn_833d9f56_nohash_2.wav,train,,
C,generic_negative,gsc_learn_a929f9b9_nohash_0.wav,train,,
C,generic_negative,gsc_learn_b5cf6ea8_nohash_1.wav,test,,
C,generic_negative,gsc_learn_b8874962_nohash_0.wav,train,,
C,generic_negative,gsc_learn_cb62dbf1_nohash_3.wav,train,,
C,generic_negative,gsc_learn_fc3ba625_nohash_3.wav,val,,
C,generic_negative,gsc_left_122c5aa7_nohash_1.wav,train,,
C,generic_negative,gsc_left_df1d5024_nohash_0.wav,train,,
C,generic_negative,gsc_left_e77d88fc_nohash_0.wav,train,,
C,generic_negative,gsc_left_f3d06008_nohash_0.wav,train,,
C,generic_negative,gsc_left_f3d06008_nohash_3.wav,train,,
C,generic_negative,gsc_marvin_d486fb84_nohash_1.wav,test,,
C,generic_negative,gsc_marvin_eee5e541_nohash_0.wav,train,,
C,generic_negative,gsc_marvin_f3957e23_nohash_0.wav,test,,
C,generic_negative,gsc_nine_20fd451f_nohash_0.wav,test,,
C,generic_negative,gsc_nine_afabfa0e_nohash_1.wav,train,,
C,generic_negative,gsc_nine_b5552931_nohash_1.wav,test,,
C,generic_negative,gsc_nine_f0522ff4_nohash_3.wav,train,,
C,generic_negative,gsc_no_acfd5b5e_nohash_3.wav,train,,
C,generic_negative,gsc_no_beb49c22_nohash_0.wav,train,,
C,generic_negative,gsc_off_bbf38549_nohash_0.wav,train,,
C,generic_negative,gsc_off_f1d36c53_nohash_0.wav,val,,
C,generic_negative,gsc_off_fcb25a78_nohash_2.wav,val,,
C,generic_negative,gsc_on_257e17e0_nohash_0.wav,test,,
C,generic_negative,gsc_on_837a0f64_nohash_4.wav,train,,
C,generic_negative,gsc_on_dca2797e_nohash_1.wav,train,,
C,generic_negative,gsc_on_f192e6b4_nohash_0.wav,train,,
C,generic_negative,gsc_on_ff2b842e_nohash_3.wav,train,,
C,generic_negative,gsc_one_c79159aa_nohash_1.wav,train,,
C,generic_negative,gsc_right_cb62dbf1_nohash_2.wav,train,,
C,generic_negative,gsc_right_dea820ce_nohash_3.wav,train,,
C,generic_negative,gsc_right_f0ac2522_nohash_0.wav,val,,
C,generic_negative,gsc_seven_4a803e67_nohash_0.wav,train,,
C,generic_negative,gsc_seven_e57d35bc_nohash_1.wav,train,,
C,generic_negative,gsc_sheila_0f2442b6_nohash_1.wav,train,,
C,generic_negative,gsc_sheila_de4f7798_nohash_0.wav,train,,
C,generic_negative,gsc_sheila_efab2cbd_nohash_0.wav,test,,
C,generic_negative,gsc_six_ee1d8d49_nohash_2.wav,train,,
C,generic_negative,gsc_six_fbb56351_nohash_3.wav,train,,
C,generic_negative,gsc_stop_6c968bd9_nohash_1.wav,test,,
C,generic_negative,gsc_stop_7f74626f_nohash_0.wav,train,,
C,generic_negative,gsc_stop_fa7895de_nohash_1.wav,val,,
C,generic_negative,gsc_three_2b5e346d_nohash_3.wav,train,,
C,generic_negative,gsc_three_7d6b4b10_nohash_0.wav,train,,
C,generic_negative,gsc_three_de040337_nohash_0.wav,train,,
C,generic_negative,gsc_tree_15f04ff8_nohash_0.wav,train,,
C,generic_negative,gsc_tree_161fcca8_nohash_3.wav,train,,
C,generic_negative,gsc_tree_5d9bb361_nohash_0.wav,train,,
C,generic_negative,gsc_tree_8c4854bc_nohash_1.wav,train,,
C,generic_negative,gsc_tree_e0ff1e9c_nohash_0.wav,train,,
C,generic_negative,gsc_two_2aca1e72_nohash_0.wav,train,,
B,generic_negative,gsc_two_8a90cf67_nohash_0.wav,train,,high noise floor -20.6 dB
C,generic_negative,gsc_two_e71a9381_nohash_2.wav,train,,
C,generic_negative,gsc_two_f810e799_nohash_0.wav,train,,
C,generic_negative,gsc_up_0d90d8e1_nohash_4.wav,train,,
C,generic_negative,gsc_up_43fc47a7_nohash_1.wav,val,,
C,generic_negative,gsc_up_fa52ddf6_nohash_4.wav,val,,
B,generic_negative,gsc_visual_1b5ba788_nohash_1.wav,val,,1 soft zero-gap(s) (20 ms)
C,generic_negative,gsc_visual_e49428d9_nohash_1.wav,train,,
C,generic_negative,gsc_visual_f0522ff4_nohash_1.wav,train,,
B,generic_negative,gsc_wow_06f6c194_nohash_0.wav,val,,1 soft zero-gap(s) (261 ms)
C,generic_negative,gsc_wow_de89e2ca_nohash_1.wav,train,,
C,generic_negative,gsc_wow_df280250_nohash_0.wav,train,,
C,generic_negative,gsc_yes_3d794813_nohash_1.wav,train,,
B,generic_negative,gsc_yes_5c43ac9f_nohash_0.wav,val,,2 soft zero-gap(s) (10 ms)
C,generic_negative,gsc_yes_e53139ad_nohash_2.wav,test,,
C,generic_negative,gsc_yes_e57abea3_nohash_0.wav,val,,
C,generic_negative,gsc_yes_f2e9b610_nohash_3.wav,train,,
C,generic_negative,gsc_zero_27b03931_nohash_0.wav,train,,
C,generic_negative,gsc_zero_4e6902d0_nohash_3.wav,train,,
C,generic_negative,gsc_zero_92a9c5e6_nohash_1.wav,train,,
C,background_negative,noise_001.wav,val,,
B,background_negative,noise_002.wav,val,,1 soft zero-gap(s) (12 ms)
C,background_negative,noise_003.wav,val,,
C,background_negative,noise_004.wav,val,,
C,background_negative,noise_005.wav,val,,
C,background_negative,noise_006.wav,val,,
C,background_negative,noise_007.wav,val,,
C,background_negative,noise_008.wav,val,,
C,background_negative,noise_009.wav,val,,
C,background_negative,noise_010.wav,train,,
C,background_negative,noise_011.wav,train,,
C,background_negative,noise_012.wav,train,,
C,background_negative,noise_013.wav,train,,
C,background_negative,noise_014.wav,train,,
C,background_negative,noise_015.wav,train,,
C,background_negative,noise_016.wav,train,,
C,background_negative,noise_017.wav,train,,
C,background_negative,noise_018.wav,train,,
C,background_negative,noise_019.wav,train,,
C,background_negative,noise_020.wav,val,,
C,background_negative,noise_021.wav,val,,
C,background_negative,noise_022.wav,val,,
C,background_negative,noise_023.wav,val,,
C,background_negative,noise_024.wav,val,,
C,background_negative,noise_025.wav,val,,
A,background_negative,noise_026.wav,val,,severe clipping 10.2%
A,background_negative,noise_027.wav,val,,severe clipping 14.2%
C,background_negative,noise_028.wav,val,,
C,background_negative,noise_029.wav,val,,
C,background_negative,noise_030.wav,train,,
A,background_negative,noise_031.wav,train,,severe clipping 21.2%
C,background_negative,noise_032.wav,train,,
C,background_negative,noise_033.wav,train,,
C,background_negative,noise_034.wav,train,,
C,background_negative,noise_035.wav,train,,
C,background_negative,noise_036.wav,train,,
C,background_negative,noise_037.wav,train,,
C,background_negative,noise_038.wav,train,,
C,background_negative,noise_039.wav,train,,
C,background_negative,noise_040.wav,train,,
C,background_negative,noise_041.wav,train,,
C,background_negative,noise_042.wav,train,,
C,background_negative,noise_043.wav,train,,
C,background_negative,noise_044.wav,train,,
C,background_negative,noise_045.wav,train,,
C,background_negative,noise_046.wav,train,,
C,background_negative,noise_047.wav,train,,
C,background_negative,noise_048.wav,train,,
C,background_negative,noise_049.wav,train,,
C,background_negative,noise_050.wav,train,,
C,background_negative,noise_051.wav,train,,
C,background_negative,noise_052.wav,train,,
C,background_negative,noise_053.wav,train,,
C,background_negative,noise_054.wav,train,,
C,background_negative,noise_055.wav,train,,
C,background_negative,noise_056.wav,train,,
C,background_negative,noise_057.wav,train,,
C,background_negative,noise_058.wav,train,,
C,background_negative,noise_059.wav,train,,
C,background_negative,noise_060.wav,test,,
C,background_negative,noise_061.wav,test,,
C,background_negative,noise_062.wav,test,,
C,background_negative,noise_063.wav,test,,
C,background_negative,noise_064.wav,test,,
B,background_negative,noise_065.wav,test,,1 abrupt zero-gap (20 ms)
A,background_negative,noise_066.wav,excluded,yes,chopped: 4 abrupt zero-gaps (longest 51 ms)
A,background_negative,noise_067.wav,excluded,yes,chopped: 5 abrupt zero-gaps (longest 55 ms)
A,background_negative,noise_068.wav,test,,chopped: 3 abrupt zero-gaps (longest 18 ms)
C,background_negative,noise_069.wav,test,,
C,background_negative,noise_070.wav,train,,
C,background_negative,noise_071.wav,train,,
C,background_negative,noise_072.wav,train,,
C,background_negative,noise_073.wav,train,,
C,background_negative,noise_074.wav,train,,
C,background_negative,noise_075.wav,train,,
C,background_negative,noise_076.wav,train,,
C,background_negative,noise_077.wav,train,,
C,background_negative,noise_078.wav,train,,
C,background_negative,noise_079.wav,train,,
C,background_negative,noise_080.wav,train,,
C,background_negative,noise_081.wav,train,,
C,background_negative,noise_082.wav,train,,
C,background_negative,noise_083.wav,train,,
C,background_negative,noise_084.wav,train,,
C,background_negative,noise_085.wav,train,,
C,background_negative,noise_086.wav,train,,
C,background_negative,noise_087.wav,train,,
C,background_negative,noise_088.wav,train,,
C,background_negative,noise_089.wav,train,,
C,background_negative,noise_090.wav,test,,
C,background_negative,noise_091.wav,test,,
C,background_negative,noise_092.wav,test,,
C,background_negative,noise_093.wav,test,,
C,background_negative,noise_094.wav,test,,
C,background_negative,noise_095.wav,test,,
C,background_negative,noise_096.wav,test,,
C,background_negative,noise_097.wav,test,,
C,background_negative,noise_098.wav,test,,
C,background_negative,noise_099.wav,test,,
C,background_negative,noise_100.wav,train,,
C,background_negative,noise_101.wav,train,,
