folder,file,dur_s,rms_db,peak,clip_frac,gaps,abrupt_gaps,gap_max_ms,floor_db,hf_db,cutoff_hz
positive,vektora_004.wav,1.0,-12.9,1.0,0.0066,0,0,0,-40.0,-23.4,8000
positive,vektora_005.wav,1.0,-8.5,1.0,0.0543,0,0,0,-37.7,-20.4,8000
positive,vektora_006.wav,1.0,-9.0,1.0,0.0401,0,0,0,-40.8,-24.4,8000
positive,vektora_007.wav,1.0,-9.6,1.0,0.0302,0,0,0,-41.0,-23.2,8000
positive,vektora_008.wav,1.0,-9.6,1.0,0.0369,0,0,0,-42.4,-21.7,8000
positive,vektora_009.wav,1.0,-9.3,1.0,0.0367,0,0,0,-42.7,-27.0,8000
positive,vektora_010.wav,1.0,-11.1,1.0,0.0168,0,0,0,-40.8,-25.9,8000
positive,vektora_011.wav,1.0,-9.3,1.0,0.0281,0,0,0,-40.8,-25.7,8000
positive,vektora_012.wav,1.0,-9.2,1.0,0.0325,0,0,0,-41.4,-25.4,8000
positive,vektora_013.wav,1.0,-9.8,1.0,0.0317,0,0,0,-42.3,-25.0,8000
positive,vektora_014.wav,1.0,-8.4,1.0,0.0462,0,0,0,-41.0,-27.9,7920
positive,vektora_015.wav,1.0,-13.6,1.0,0.0058,0,0,0,-41.6,-23.6,8000
positive,vektora_016.wav,1.0,-11.6,1.0,0.0126,0,0,0,-40.8,-22.9,8000
positive,vektora_017.wav,1.0,-12.7,1.0,0.0097,0,0,0,-40.3,-20.2,8000
positive,vektora_019.wav,1.0,-9.1,1.0,0.0461,3,2,135.6,-33.5,-15.2,8000
positive,vektora_020.wav,1.0,-8.2,1.0,0.0626,0,0,0,-26.7,-16.5,8000
positive,vektora_021.wav,1.0,-10.1,1.0,0.041,4,4,116.9,-26.0,-15.3,8000
positive,vektora_022.wav,1.0,-10.2,1.0,0.0416,3,3,82.9,-26.8,-16.3,8000
positive,vektora_023.wav,1.0,-11.7,1.0,0.0227,0,0,0,-25.2,-21.7,8000
positive,vektora_024.wav,1.0,-11.1,1.0,0.0277,0,0,0,-24.9,-19.9,8000
positive,vektora_025.wav,1.0,-8.7,1.0,0.0538,0,0,0,-27.2,-16.6,8000
positive,vektora_026.wav,1.0,-9.9,1.0,0.0426,0,0,0,-26.9,-17.3,8000
positive,vektora_027.wav,1.0,-7.7,1.0,0.0661,0,0,0,-22.9,-11.1,8000
positive,vektora_028.wav,1.0,-9.7,1.0,0.0427,0,0,0,-27.8,-18.3,8000
positive,vektora_029.wav,1.0,-7.3,1.0,0.0789,0,0,0,-24.7,-14.8,8000
positive,vektora_030.wav,1.0,-15.3,1.0,0.0009,0,0,0,-27.6,-20.8,8000
positive,vektora_031.wav,1.0,-11.2,1.0,0.0163,0,0,0,-26.0,-21.8,8000
positive,vektora_032.wav,1.0,-8.3,1.0,0.0689,4,3,142.8,-29.7,-15.3,8000
positive,vektora_033.wav,1.0,-9.1,1.0,0.0498,0,0,0,-24.0,-20.4,8000
positive,vektora_034.wav,1.0,-9.8,1.0,0.0419,2,2,51.8,-30.6,-14.2,8000
positive,vektora_036.wav,1.0,-8.4,1.0,0.0708,0,0,0,-29.8,-11.0,8000
positive,vektora_037.wav,1.0,-8.9,1.0,0.0649,1,1,51.7,-33.1,-10.4,8000
positive,vektora_038.wav,1.0,-8.8,1.0,0.0569,0,0,0,-33.1,-13.9,8000
positive,vektora_039.wav,1.0,-8.4,1.0,0.0621,2,1,30.8,-33.5,-14.8,8000
positive,vektora_040.wav,1.0,-14.3,1.0,0.0038,0,0,0,-32.7,-15.9,8000
positive,vektora_041.wav,1.0,-20.0,1.0,0.0003,0,0,0,-31.7,-19.2,8000
positive,vektora_042.wav,1.0,-16.5,1.0,0.0009,0,0,0,-32.2,-23.6,8000
positive,vektora_043.wav,1.0,-19.4,1.0,0.0003,0,0,0,-32.9,-22.2,8000
positive,vektora_044.wav,1.0,-22.1,0.579,0.0,0,0,0,-36.5,-22.5,8000
positive,vektora_045.wav,1.0,-10.2,1.0,0.0408,0,0,0,-39.6,-12.5,8000
positive,vektora_046.wav,1.0,-10.6,1.0,0.0334,0,0,0,-40.1,-12.9,8000
positive,vektora_047.wav,1.0,-11.3,1.0,0.0261,0,0,0,-38.6,-13.4,8000
positive,vektora_048.wav,1.0,-8.2,1.0,0.0703,0,0,0,-37.5,-7.9,8000
positive,vektora_050.wav,1.0,-11.7,1.0,0.0199,0,0,0,-36.5,-14.0,8000
positive,vektora_051.wav,1.0,-22.5,0.639,0.0,0,0,0,-31.5,-19.9,8000
positive,vektora_052.wav,1.0,-24.3,0.621,0.0,0,0,0,-35.8,-19.7,8000
positive,vektora_053.wav,1.0,-19.9,0.892,0.0,0,0,0,-40.1,-26.6,7960
positive,vektora_054.wav,1.0,-13.0,1.0,0.0163,0,0,0,-39.4,-12.3,8000
positive,vektora_055.wav,1.0,-6.4,1.0,0.1128,0,0,0,-39.4,-4.2,8000
positive,vektora_056.wav,1.0,-7.9,1.0,0.074,4,4,99.0,-49.5,-14.9,8000
positive,vektora_057.wav,1.0,-8.4,1.0,0.0666,3,3,99.4,-34.9,-11.6,8000
positive,vektora_058.wav,1.0,-11.0,1.0,0.0184,0,0,0,-30.1,-25.5,8000
positive,vektora_060.wav,1.0,-10.8,1.0,0.0292,0,0,0,-27.3,-25.5,8000
positive,vektora_061.wav,1.0,-14.8,1.0,0.0056,0,0,0,-35.4,-25.2,8000
positive,vektora_062.wav,1.0,-11.1,1.0,0.0205,0,0,0,-33.4,-14.6,8000
positive,vektora_066.wav,1.0,-10.3,1.0,0.0202,0,0,0,-32.7,-21.9,8000
positive,vektora_068.wav,1.0,-11.8,1.0,0.0133,0,0,0,-33.5,-23.1,8000
positive,vektora_071.wav,1.0,-9.9,1.0,0.0279,0,0,0,-30.9,-22.6,8000
positive,vektora_074.wav,1.0,-9.5,1.0,0.0377,0,0,0,-30.1,-13.6,8000
positive,vektora_076.wav,1.0,-12.3,1.0,0.0146,0,0,0,-30.2,-16.2,8000
positive,vektora_077.wav,1.0,-11.0,1.0,0.0232,0,0,0,-33.4,-15.1,8000
positive,vektora_081.wav,1.0,-16.2,1.0,0.0016,0,0,0,-31.3,-8.0,8000
positive,vektora_083.wav,1.0,-12.2,1.0,0.0113,0,0,0,-39.1,-22.7,8000
positive,vektora_084.wav,1.0,-11.1,1.0,0.0146,0,0,0,-40.3,-21.7,8000
positive,vektora_085.wav,1.0,-13.3,1.0,0.0064,0,0,0,-40.4,-19.4,8000
positive,vektora_086.wav,1.0,-14.3,1.0,0.0028,0,0,0,-42.8,-17.8,8000
positive,vektora_087.wav,1.0,-13.4,1.0,0.0022,0,0,0,-40.2,-15.9,8000
positive,vektora_088.wav,1.0,-17.5,1.0,0.0002,0,0,0,-42.3,-18.6,8000
positive,vektora_091.wav,1.0,-11.9,1.0,0.0099,0,0,0,-35.9,-24.2,8000
positive,vektora_092.wav,1.0,-14.5,1.0,0.0034,0,0,0,-36.5,-13.0,8000
positive,vektora_093.wav,1.0,-12.4,1.0,0.0175,0,0,0,-35.8,-21.0,8000
positive,vektora_094.wav,1.0,-11.3,1.0,0.0118,0,0,0,-36.0,-18.3,8000
positive,vektora_096.wav,1.0,-12.3,1.0,0.0151,0,0,0,-39.8,-24.2,8000
positive,vektora_098.wav,1.0,-14.5,1.0,0.0074,0,0,0,-40.1,-22.9,8000
positive,vektora_099.wav,1.0,-13.9,1.0,0.0056,0,0,0,-38.5,-23.6,8000
positive,vektora_1.wav,1.0,-16.3,1.0,0.0021,0,0,0,-45.0,-24.7,8000
positive,vektora_100.wav,1.0,-12.8,1.0,0.0139,0,0,0,-36.0,-22.3,8000
positive,vektora_102.wav,1.0,-16.8,1.0,0.0001,0,0,0,-37.5,-22.8,8000
positive,vektora_103.wav,1.0,-14.3,1.0,0.0008,0,0,0,-41.0,-25.5,8000
positive,vektora_104.wav,1.0,-16.7,1.0,0.0001,2,1,52.9,-37.3,-22.4,8000
positive,vektora_105.wav,1.0,-10.8,1.0,0.0237,0,0,0,-43.0,-16.6,8000
positive,vektora_108.wav,1.0,-15.9,1.0,0.0021,2,2,47.9,-37.7,-19.2,8000
positive,vektora_111.wav,1.0,-13.7,1.0,0.0027,4,1,84.0,-32.0,-18.3,8000
positive,vektora_113.wav,1.0,-25.2,0.469,0.0,0,0,0,-44.2,-20.2,8000
positive,vektora_116.wav,1.0,-23.4,0.739,0.0,0,0,0,-46.9,-17.4,8000
positive,vektora_118.wav,1.0,-29.5,0.303,0.0,0,0,0,-51.2,-22.7,8000
positive,vektora_119.wav,1.0,-26.2,0.397,0.0,0,0,0,-51.5,-22.4,8000
positive,vektora_120.wav,1.0,-29.2,0.288,0.0,0,0,0,-50.9,-19.7,8000
positive,vektora_121.wav,1.0,-23.4,0.658,0.0,0,0,0,-47.9,-23.7,8000
positive,vektora_122.wav,1.0,-24.3,0.582,0.0,0,0,0,-50.1,-17.4,8000
positive,vektora_123.wav,1.0,-27.4,0.394,0.0,0,0,0,-53.1,-19.9,8000
positive,vektora_124.wav,1.0,-21.0,0.896,0.0,0,0,0,-48.6,-25.1,8000
positive,vektora_125.wav,1.0,-23.4,0.795,0.0,0,0,0,-52.6,-18.5,8000
positive,vektora_126.wav,1.0,-24.5,0.561,0.0,0,0,0,-51.0,-21.1,8000
positive,vektora_127.wav,1.0,-27.8,0.53,0.0,0,0,0,-49.6,-18.2,8000
positive,vektora_128.wav,1.0,-25.4,0.516,0.0,0,0,0,-51.6,-18.2,8000
positive,vektora_129.wav,1.0,-28.1,0.341,0.0,0,0,0,-52.1,-21.6,8000
positive,vektora_130.wav,1.0,-26.0,0.452,0.0,0,0,0,-53.0,-19.8,8000
positive,vektora_131.wav,1.0,-31.2,0.285,0.0,0,0,0,-51.5,-21.3,8000
positive,vektora_132.wav,1.0,-26.1,0.598,0.0,0,0,0,-52.4,-18.2,8000
positive,vektora_133.wav,1.0,-24.5,0.436,0.0,0,0,0,-47.7,-24.2,8000
positive,vektora_134.wav,1.0,-25.3,0.567,0.0,0,0,0,-50.4,-20.6,8000
positive,vektora_136.wav,1.0,-23.6,0.532,0.0,0,0,0,-49.7,-21.9,8000
positive,vektora_137.wav,1.0,-21.8,0.635,0.0,0,0,0,-46.6,-23.4,8000
positive,vektora_138.wav,1.0,-21.4,0.867,0.0,0,0,0,-46.4,-17.1,8000
positive,vektora_139.wav,1.0,-19.8,0.843,0.0,0,0,0,-44.9,-13.9,8000
positive,vektora_140.wav,1.0,-19.2,0.807,0.0,0,0,0,-45.6,-19.9,8000
positive,vektora_141.wav,1.0,-25.9,0.485,0.0,0,0,0,-49.7,-25.1,8000
positive,vektora_142.wav,1.0,-24.1,0.537,0.0,0,0,0,-49.2,-23.9,8000
positive,vektora_143.wav,1.0,-25.6,0.666,0.0,0,0,0,-50.8,-18.2,8000
positive,vektora_144.wav,1.0,-25.9,0.308,0.0,0,0,0,-49.8,-23.0,8000
positive,vektora_145.wav,1.0,-25.7,0.414,0.0,0,0,0,-48.8,-22.3,8000
positive,vektora_147.wav,1.0,-17.9,1.0,0.0002,0,0,0,-53.4,-19.2,8000
positive,vektora_148.wav,1.0,-23.6,0.573,0.0,0,0,0,-49.6,-25.4,8000
positive,vektora_149.wav,1.0,-22.8,0.67,0.0,0,0,0,-50.2,-29.1,8000
positive,vektora_150.wav,1.0,-21.9,0.61,0.0,0,0,0,-47.9,-23.2,8000
positive,vektora_151.wav,1.0,-21.8,0.557,0.0,0,0,0,-53.2,-26.9,8000
positive,vektora_152.wav,1.0,-26.0,0.519,0.0,0,0,0,-56.3,-27.6,8000
positive,vektora_153.wav,1.0,-16.7,1.0,0.0001,0,0,0,-46.6,-22.5,8000
positive,vektora_154.wav,1.0,-17.5,0.96,0.0,0,0,0,-43.5,-25.9,8000
positive,vektora_155.wav,1.0,-17.2,1.0,0.0001,0,0,0,-46.4,-23.0,8000
positive,vektora_157.wav,1.0,-17.5,0.995,0.0,0,0,0,-48.4,-24.5,8000
positive,vektora_158.wav,1.0,-16.9,1.0,0.0004,0,0,0,-52.9,-24.8,8000
positive,vektora_159.wav,1.0,-17.3,1.0,0.0001,0,0,0,-47.0,-25.6,8000
positive,vektora_160.wav,1.0,-16.4,1.0,0.0004,0,0,0,-43.3,-23.2,8000
positive,vektora_161.wav,1.0,-16.3,1.0,0.0004,0,0,0,-46.5,-21.7,8000
positive,vektora_162.wav,1.0,-15.8,1.0,0.0019,0,0,0,-48.3,-20.2,8000
positive,vektora_163.wav,1.0,-15.2,1.0,0.0026,0,0,0,-54.6,-23.8,8000
positive,vektora_164.wav,1.0,-14.7,1.0,0.0009,0,0,0,-53.4,-22.7,8000
positive,vektora_165.wav,1.0,-14.9,1.0,0.001,0,0,0,-51.8,-22.6,8000
positive,vektora_166.wav,1.0,-14.0,1.0,0.0026,0,0,0,-55.0,-21.3,8000
positive,vektora_167.wav,1.0,-27.8,0.384,0.0,0,0,0,-50.2,-19.5,8000
positive,vektora_168.wav,1.0,-22.2,0.821,0.0,0,0,0,-54.7,-21.6,8000
positive,vektora_169.wav,1.0,-24.2,0.594,0.0,0,0,0,-51.2,-25.7,8000
positive,vektora_170.wav,1.0,-19.8,0.942,0.0,0,0,0,-46.2,-20.2,8000
positive,vektora_172.wav,1.0,-28.2,0.373,0.0,0,0,0,-46.1,-25.0,8000
positive,vektora_173.wav,1.0,-25.8,0.532,0.0,0,0,0,-50.8,-21.0,8000
positive,vektora_174.wav,1.0,-28.6,0.367,0.0,0,0,0,-49.2,-23.9,8000
positive,vektora_175.wav,1.0,-30.0,0.317,0.0,0,0,0,-49.4,-22.2,8000
positive,vektora_176.wav,1.0,-30.0,0.295,0.0,0,0,0,-46.8,-22.9,8000
positive,vektora_177.wav,1.0,-28.0,0.368,0.0,0,0,0,-46.0,-23.2,8000
positive,vektora_179.wav,1.0,-28.8,0.393,0.0,0,0,0,-52.5,-24.9,8000
positive,vektora_180.wav,1.0,-27.9,0.335,0.0,0,0,0,-45.9,-21.7,8000
positive,vektora_181.wav,1.0,-24.7,0.58,0.0,0,0,0,-49.1,-21.2,8000
positive,vektora_182.wav,1.0,-26.1,0.483,0.0,0,0,0,-47.4,-19.4,8000
positive,vektora_183.wav,1.0,-24.1,0.509,0.0,0,0,0,-44.3,-20.3,8000
positive,vektora_184.wav,1.0,-22.9,0.661,0.0,0,0,0,-46.2,-20.1,8000
positive,vektora_185.wav,1.0,-25.2,0.536,0.0,0,0,0,-42.8,-20.2,8000
positive,vektora_186.wav,1.0,-25.4,0.486,0.0,0,0,0,-42.3,-22.3,8000
positive,vektora_187.wav,1.0,-25.0,0.51,0.0,0,0,0,-45.6,-20.3,8000
positive,vektora_188.wav,1.0,-25.6,0.636,0.0,0,0,0,-47.2,-20.2,8000
positive,vektora_189.wav,1.0,-23.6,0.851,0.0,0,0,0,-45.5,-21.9,8000
positive,vektora_190.wav,1.0,-24.5,0.531,0.0,0,0,0,-46.5,-19.8,8000
hard_negative,hard_neg_ (10).wav,1.0,-19.2,1.0,0.0002,0,0,0,-36.2,-13.6,8000
hard_negative,hard_neg_ (100).wav,1.0,-10.0,1.0,0.029,0,0,0,-37.4,-18.9,8000
hard_negative,hard_neg_ (101).wav,1.0,-9.7,1.0,0.0329,0,0,0,-37.4,-16.4,8000
hard_negative,hard_neg_ (102).wav,1.0,-11.8,1.0,0.0158,0,0,0,-35.7,-13.5,8000
hard_negative,hard_neg_ (103).wav,1.0,-9.8,1.0,0.0383,0,0,0,-37.5,-20.9,8000
hard_negative,hard_neg_ (104).wav,1.0,-10.0,1.0,0.0335,0,0,0,-38.0,-16.7,8000
hard_negative,hard_neg_ (105).wav,1.0,-10.0,1.0,0.0336,0,0,0,-32.7,-17.9,8000
hard_negative,hard_neg_ (106).wav,1.0,-12.2,1.0,0.0173,0,0,0,-36.1,-20.1,8000
hard_negative,hard_neg_ (107).wav,1.0,-11.2,1.0,0.0234,0,0,0,-35.6,-21.5,8000
hard_negative,hard_neg_ (108).wav,1.0,-12.8,1.0,0.0142,0,0,0,-37.0,-14.6,8000
hard_negative,hard_neg_ (109).wav,1.0,-15.0,1.0,0.0036,0,0,0,-34.9,-17.9,8000
hard_negative,hard_neg_ (11).wav,1.0,-16.1,1.0,0.0006,0,0,0,-32.4,-12.3,8000
hard_negative,hard_neg_ (110).wav,1.0,-13.9,1.0,0.0065,0,0,0,-39.4,-23.1,8000
hard_negative,hard_neg_ (111).wav,1.0,-13.1,1.0,0.0053,0,0,0,-40.0,-21.3,8000
hard_negative,hard_neg_ (112).wav,1.0,-22.5,0.933,0.0,0,0,0,-39.8,-18.9,8000
hard_negative,hard_neg_ (113).wav,1.0,-14.4,1.0,0.0016,0,0,0,-41.3,-18.9,8000
hard_negative,hard_neg_ (12).wav,1.0,-17.8,1.0,0.0009,0,0,0,-33.0,-10.6,8000
hard_negative,hard_neg_ (13).wav,1.0,-17.4,1.0,0.0012,0,0,0,-37.1,-12.2,8000
hard_negative,hard_neg_ (14).wav,1.0,-15.8,1.0,0.0013,0,0,0,-34.7,-15.0,8000
hard_negative,hard_neg_ (15).wav,1.0,-18.3,1.0,0.0019,0,0,0,-33.3,-16.1,8000
hard_negative,hard_neg_ (16).wav,1.0,-17.6,1.0,0.0014,0,0,0,-35.1,-16.5,8000
hard_negative,hard_neg_ (17).wav,1.0,-16.2,1.0,0.0028,0,0,0,-34.1,-14.8,8000
hard_negative,hard_neg_ (18).wav,1.0,-18.0,1.0,0.0012,0,0,0,-33.8,-11.0,8000
hard_negative,hard_neg_ (19).wav,1.0,-18.0,1.0,0.0009,0,0,0,-34.8,-10.8,8000
hard_negative,hard_neg_ (20).wav,1.0,-15.7,1.0,0.0017,0,0,0,-32.0,-15.6,8000
hard_negative,hard_neg_ (21).wav,1.0,-16.4,1.0,0.001,0,0,0,-35.6,-17.1,8000
hard_negative,hard_neg_ (22).wav,1.0,-16.9,1.0,0.0008,0,0,0,-31.1,-13.2,8000
hard_negative,hard_neg_ (23).wav,1.0,-29.1,0.346,0.0,0,0,0,-33.6,-3.1,8000
hard_negative,hard_neg_ (24).wav,1.0,-15.5,1.0,0.004,0,0,0,-35.9,-17.0,8000
hard_negative,hard_neg_ (25).wav,1.0,-17.4,1.0,0.0008,0,0,0,-34.4,-11.3,8000
hard_negative,hard_neg_ (26).wav,1.0,-17.4,1.0,0.0013,0,0,0,-36.2,-12.7,8000
hard_negative,hard_neg_ (27).wav,1.0,-16.0,1.0,0.0019,0,0,0,-35.8,-16.2,8000
hard_negative,hard_neg_ (28).wav,1.0,-17.1,1.0,0.0021,0,0,0,-36.0,-11.1,8000
hard_negative,hard_neg_ (29).wav,1.0,-16.7,1.0,0.0019,0,0,0,-35.5,-11.9,8000
hard_negative,hard_neg_ (3).wav,1.0,-20.3,1.0,0.0007,0,0,0,-40.9,-23.1,8000
hard_negative,hard_neg_ (30).wav,1.0,-17.2,1.0,0.0013,0,0,0,-36.9,-15.4,8000
hard_negative,hard_neg_ (31).wav,1.0,-14.7,1.0,0.002,0,0,0,-32.3,-15.5,8000
hard_negative,hard_neg_ (32).wav,1.0,-18.4,1.0,0.0001,0,0,0,-35.0,-12.8,8000
hard_negative,hard_neg_ (33).wav,1.0,-17.7,1.0,0.0008,0,0,0,-33.8,-11.9,8000
hard_negative,hard_neg_ (34).wav,1.0,-16.9,1.0,0.001,0,0,0,-38.0,-14.3,8000
hard_negative,hard_neg_ (35).wav,1.0,-17.7,1.0,0.0003,0,0,0,-36.9,-15.6,8000
hard_negative,hard_neg_ (36).wav,1.0,-19.9,1.0,0.0001,0,0,0,-36.2,-17.0,8000
hard_negative,hard_neg_ (37).wav,1.0,-23.3,0.874,0.0,0,0,0,-38.8,-14.6,8000
hard_negative,hard_neg_ (38).wav,1.0,-15.9,1.0,0.0004,0,0,0,-33.8,-15.8,8000
hard_negative,hard_neg_ (39).wav,1.0,-17.8,1.0,0.0003,0,0,0,-38.6,-18.1,8000
hard_negative,hard_neg_ (40).wav,1.0,-18.5,0.93,0.0,0,0,0,-40.5,-16.0,8000
hard_negative,hard_neg_ (41).wav,1.0,-18.1,1.0,0.0001,0,0,0,-39.7,-18.8,8000
hard_negative,hard_neg_ (42).wav,1.0,-19.2,1.0,0.0004,0,0,0,-39.7,-21.7,8000
hard_negative,hard_neg_ (43).wav,1.0,-32.4,0.424,0.0,0,0,0,-42.7,-11.0,8000
hard_negative,hard_neg_ (44).wav,1.0,-17.2,1.0,0.0008,0,0,0,-41.7,-18.4,8000
hard_negative,hard_neg_ (45).wav,1.0,-21.5,0.84,0.0,0,0,0,-40.7,-19.4,8000
hard_negative,hard_neg_ (46).wav,1.0,-19.9,1.0,0.0002,0,0,0,-38.3,-22.7,8000
hard_negative,hard_neg_ (47).wav,1.0,-19.8,1.0,0.0001,0,0,0,-37.4,-18.6,8000
hard_negative,hard_neg_ (48).wav,1.0,-18.8,1.0,0.0006,0,0,0,-38.2,-19.4,8000
hard_negative,hard_neg_ (49).wav,1.0,-18.6,1.0,0.0001,0,0,0,-38.3,-17.2,8000
hard_negative,hard_neg_ (5).wav,1.0,-19.0,1.0,0.0004,0,0,0,-39.3,-15.4,8000
hard_negative,hard_neg_ (50).wav,1.0,-18.6,1.0,0.0003,0,0,0,-39.2,-19.2,8000
hard_negative,hard_neg_ (51).wav,1.0,-13.1,1.0,0.0092,0,0,0,-40.9,-24.8,8000
hard_negative,hard_neg_ (52).wav,1.0,-13.6,1.0,0.0047,0,0,0,-41.2,-27.9,8000
hard_negative,hard_neg_ (53).wav,1.0,-11.3,1.0,0.0138,0,0,0,-38.8,-22.7,8000
hard_negative,hard_neg_ (54).wav,1.0,-11.6,1.0,0.01,0,0,0,-37.6,-22.2,8000
hard_negative,hard_neg_ (55).wav,1.0,-12.2,1.0,0.0079,0,0,0,-39.9,-24.3,8000
hard_negative,hard_neg_ (56).wav,1.0,-14.1,1.0,0.0036,0,0,0,-41.4,-17.2,8000
hard_negative,hard_neg_ (57).wav,1.0,-12.8,1.0,0.0055,0,0,0,-39.8,-20.3,8000
hard_negative,hard_neg_ (58).wav,1.0,-15.1,1.0,0.0046,0,0,0,-41.4,-20.8,8000
hard_negative,hard_neg_ (59).wav,1.0,-13.7,1.0,0.0032,0,0,0,-38.7,-23.0,8000
hard_negative,hard_neg_ (60).wav,1.0,-14.0,1.0,0.0073,0,0,0,-40.3,-22.6,8000
hard_negative,hard_neg_ (61).wav,1.0,-16.4,1.0,0.0032,0,0,0,-39.7,-26.0,8000
hard_negative,hard_neg_ (62).wav,1.0,-15.2,1.0,0.0047,0,0,0,-39.1,-24.3,8000
hard_negative,hard_neg_ (63).wav,1.0,-12.1,1.0,0.0111,0,0,0,-40.9,-20.8,8000
hard_negative,hard_neg_ (64).wav,1.0,-13.4,1.0,0.0069,0,0,0,-41.7,-23.2,8000
hard_negative,hard_neg_ (65).wav,1.0,-13.0,1.0,0.005,0,0,0,-39.1,-24.3,8000
hard_negative,hard_neg_ (66).wav,1.0,-12.7,1.0,0.0033,0,0,0,-39.9,-26.1,8000
hard_negative,hard_neg_ (67).wav,1.0,-12.4,1.0,0.0054,0,0,0,-40.5,-25.0,8000
hard_negative,hard_neg_ (68).wav,1.0,-11.3,1.0,0.0089,0,0,0,-40.6,-27.9,8000
hard_negative,hard_neg_ (69).wav,1.0,-12.9,1.0,0.0031,0,0,0,-38.5,-23.8,8000
hard_negative,hard_neg_ (7).wav,1.0,-17.7,1.0,0.0014,0,0,0,-39.0,-12.6,8000
hard_negative,hard_neg_ (70).wav,1.0,-12.3,1.0,0.0083,0,0,0,-37.9,-19.0,8000
hard_negative,hard_neg_ (71).wav,1.0,-14.0,1.0,0.0018,0,0,0,-39.2,-19.8,8000
hard_negative,hard_neg_ (72).wav,1.0,-11.7,1.0,0.0141,0,0,0,-42.4,-25.6,8000
hard_negative,hard_neg_ (73).wav,1.0,-14.8,1.0,0.0025,0,0,0,-40.8,-23.9,8000
hard_negative,hard_neg_ (74).wav,1.0,-13.4,1.0,0.0066,0,0,0,-40.1,-26.5,8000
hard_negative,hard_neg_ (75).wav,1.0,-14.1,1.0,0.0035,0,0,0,-40.3,-21.2,8000
hard_negative,hard_neg_ (76).wav,1.0,-18.6,1.0,0.0012,0,0,0,-39.6,-15.6,8000
hard_negative,hard_neg_ (77).wav,1.0,-14.4,1.0,0.0099,0,0,0,-42.2,-23.5,8000
hard_negative,hard_neg_ (78).wav,1.0,-13.6,1.0,0.0107,0,0,0,-39.8,-27.4,7920
hard_negative,hard_neg_ (79).wav,1.0,-14.4,1.0,0.0049,0,0,0,-40.5,-24.9,8000
hard_negative,hard_neg_ (8).wav,1.0,-17.7,1.0,0.0001,0,0,0,-38.2,-17.4,8000
hard_negative,hard_neg_ (80).wav,1.0,-13.5,1.0,0.0091,0,0,0,-41.7,-25.0,8000
hard_negative,hard_neg_ (81).wav,1.0,-13.7,1.0,0.0049,0,0,0,-40.2,-24.8,8000
hard_negative,hard_neg_ (82).wav,1.0,-15.2,1.0,0.0032,0,0,0,-39.1,-20.5,8000
hard_negative,hard_neg_ (83).wav,1.0,-13.9,1.0,0.0044,0,0,0,-40.1,-20.8,8000
hard_negative,hard_neg_ (84).wav,1.0,-24.1,0.829,0.0,0,0,0,-40.8,-19.8,8000
hard_negative,hard_neg_ (85).wav,1.0,-15.4,1.0,0.0027,0,0,0,-34.7,-20.4,8000
hard_negative,hard_neg_ (86).wav,1.0,-9.5,1.0,0.0386,0,0,0,-35.9,-17.0,8000
hard_negative,hard_neg_ (87).wav,1.0,-9.7,1.0,0.0344,0,0,0,-38.0,-14.0,8000
hard_negative,hard_neg_ (88).wav,1.0,-9.5,1.0,0.0412,0,0,0,-40.3,-15.6,8000
hard_negative,hard_neg_ (89).wav,1.0,-8.6,1.0,0.0597,1,1,93.9,-31.1,-17.1,8000
hard_negative,hard_neg_ (9).wav,1.0,-15.7,1.0,0.0028,0,0,0,-38.9,-16.4,8000
hard_negative,hard_neg_ (90).wav,1.0,-11.9,1.0,0.0176,0,0,0,-39.9,-11.3,8000
hard_negative,hard_neg_ (91).wav,1.0,-12.9,1.0,0.0115,0,0,0,-37.1,-16.6,8000
hard_negative,hard_neg_ (92).wav,1.0,-12.0,1.0,0.0138,0,0,0,-36.4,-18.9,8000
hard_negative,hard_neg_ (93).wav,1.0,-12.9,1.0,0.0122,0,0,0,-32.1,-15.1,8000
hard_negative,hard_neg_ (94).wav,1.0,-10.6,1.0,0.0267,0,0,0,-31.3,-20.4,8000
hard_negative,hard_neg_ (95).wav,1.0,-11.1,1.0,0.0182,0,0,0,-35.0,-15.1,8000
hard_negative,hard_neg_ (96).wav,1.0,-11.6,1.0,0.0191,0,0,0,-37.4,-14.1,8000
hard_negative,hard_neg_ (97).wav,1.0,-10.6,1.0,0.0239,0,0,0,-32.4,-17.7,8000
hard_negative,hard_neg_ (98).wav,1.0,-12.0,1.0,0.0134,0,0,0,-38.0,-10.2,8000
hard_negative,hard_neg_ (99).wav,1.0,-12.7,1.0,0.0123,0,0,0,-38.6,-14.3,8000
hard_negative,hard_neg_(2).wav,1.0,-22.8,1.0,0.0001,0,0,0,-40.8,-18.6,8000
hard_negative,hard_neg_(4).wav,1.0,-20.0,1.0,0.0005,0,0,0,-39.6,-18.6,8000
hard_negative,hard_neg_(6).wav,1.0,-18.2,1.0,0.0002,0,0,0,-39.2,-18.3,8000
generic_negative,generic_neg_001.wav,1.0,-23.5,0.49,0.0,0,0,0,-43.5,-24.0,8000
generic_negative,generic_neg_002.wav,1.0,-17.7,0.936,0.0,0,0,0,-42.3,-17.6,8000
generic_negative,generic_neg_003.wav,1.0,-17.3,0.957,0.0,0,0,0,-43.1,-15.2,8000
generic_negative,generic_neg_004.wav,1.0,-12.8,1.0,0.01,3,3,85.4,-39.5,-10.4,8000
generic_negative,generic_neg_005.wav,1.0,-15.8,1.0,0.0016,2,2,83.2,-39.9,-17.2,8000
generic_negative,generic_neg_006.wav,1.0,-14.7,1.0,0.0013,0,0,0,-33.1,-5.4,8000
generic_negative,generic_neg_007.wav,1.0,-15.1,1.0,0.0013,0,0,0,-38.6,-16.8,8000
generic_negative,generic_neg_008.wav,1.0,-14.7,1.0,0.0028,0,0,0,-43.2,-3.2,8000
generic_negative,generic_neg_009.wav,1.0,-18.4,1.0,0.0001,0,0,0,-43.3,-4.1,8000
generic_negative,generic_neg_010.wav,1.0,-20.1,1.0,0.0005,0,0,0,-43.5,-18.4,8000
generic_negative,generic_neg_011.wav,1.0,-17.8,1.0,0.0014,0,0,0,-42.0,-22.1,8000
generic_negative,generic_neg_012.wav,1.0,-20.1,1.0,0.0011,0,0,0,-42.5,-22.9,8000
generic_negative,generic_neg_013.wav,1.0,-34.6,0.124,0.0,0,0,0,-43.4,-17.6,8000
generic_negative,generic_neg_014.wav,1.0,-29.1,0.251,0.0,0,0,0,-42.3,-17.9,8000
generic_negative,generic_neg_015.wav,1.0,-31.4,0.223,0.0,0,0,0,-44.7,-19.5,8000
generic_negative,generic_neg_016.wav,1.0,-29.1,0.263,0.0,0,0,0,-43.7,-18.1,8000
generic_negative,generic_neg_017.wav,1.0,-31.2,0.242,0.0,0,0,0,-42.3,-16.2,8000
generic_negative,generic_neg_018.wav,1.0,-28.3,0.273,0.0,0,0,0,-44.0,-20.1,8000
generic_negative,generic_neg_019.wav,1.0,-30.9,0.238,0.0,0,0,0,-43.3,-19.6,8000
generic_negative,generic_neg_020.wav,1.0,-28.6,0.264,0.0,0,0,0,-43.5,-18.6,8000
generic_negative,generic_neg_021.wav,1.0,-26.3,0.508,0.0,0,0,0,-43.6,-18.4,8000
generic_negative,generic_neg_022.wav,1.0,-26.9,0.51,0.0,0,0,0,-44.0,-20.3,8000
generic_negative,generic_neg_023.wav,1.0,-26.1,0.496,0.0,0,0,0,-41.7,-17.1,8000
generic_negative,generic_neg_024.wav,1.0,-26.6,0.499,0.0,0,0,0,-44.3,-20.6,8000
generic_negative,generic_neg_025.wav,1.0,-26.1,0.522,0.0,0,0,0,-43.6,-18.0,8000
generic_negative,generic_neg_026.wav,1.0,-26.6,0.51,0.0,0,0,0,-42.0,-20.9,8000
generic_negative,generic_neg_027.wav,1.0,-29.6,0.371,0.0,0,0,0,-45.2,-15.1,8000
generic_negative,generic_neg_028.wav,1.0,-27.0,0.523,0.0,0,0,0,-44.6,-16.4,8000
generic_negative,generic_neg_029.wav,1.0,-29.5,0.38,0.0,0,0,0,-45.1,-14.8,8000
generic_negative,generic_neg_030.wav,1.0,-27.6,0.515,0.0,0,0,0,-43.6,-18.2,8000
generic_negative,generic_neg_031.wav,1.0,-25.7,0.488,0.0,0,0,0,-42.2,-17.3,8000
generic_negative,generic_neg_032.wav,1.0,-29.2,0.387,0.0,0,0,0,-43.7,-17.1,8000
generic_negative,generic_neg_033.wav,1.0,-27.5,0.503,0.0,0,0,0,-43.5,-18.6,8000
generic_negative,generic_neg_034.wav,1.0,-29.3,0.277,0.0,0,0,0,-44.6,-21.5,8000
generic_negative,generic_neg_035.wav,1.0,-25.3,0.302,0.0,0,0,0,-44.3,-21.5,8000
generic_negative,generic_neg_036.wav,1.0,-33.6,0.28,0.0,0,0,0,-44.8,-22.2,8000
generic_negative,generic_neg_037.wav,1.0,-25.4,0.58,0.0,0,0,0,-44.3,-12.1,8000
generic_negative,generic_neg_038.wav,1.0,-27.4,0.304,0.0,0,0,0,-44.8,-9.5,8000
generic_negative,generic_neg_039.wav,1.0,-26.2,0.509,0.0,0,0,0,-44.2,-12.3,8000
generic_negative,generic_neg_040.wav,1.0,-26.5,0.404,0.0,0,0,0,-45.1,-16.0,8000
generic_negative,generic_neg_041.wav,1.0,-23.6,0.457,0.0,0,0,0,-44.6,-17.1,8000
generic_negative,generic_neg_042.wav,1.0,-25.0,0.497,0.0,0,0,0,-47.1,-16.7,8000
generic_negative,generic_neg_043.wav,1.0,-22.8,0.491,0.0,0,0,0,-44.3,-17.5,8000
generic_negative,generic_neg_044.wav,1.0,-25.0,0.487,0.0,0,0,0,-44.8,-15.3,8000
generic_negative,generic_neg_045.wav,1.0,-23.2,0.483,0.0,0,0,0,-43.9,-17.7,8000
generic_negative,generic_neg_046.wav,1.0,-25.1,0.477,0.0,0,0,0,-45.8,-17.0,8000
generic_negative,generic_neg_047.wav,1.0,-29.6,0.486,0.0,0,0,0,-45.3,-2.5,8000
generic_negative,generic_neg_048.wav,1.0,-29.4,0.294,0.0,0,0,0,-43.6,-5.8,8000
generic_negative,generic_neg_049.wav,1.0,-30.3,0.322,0.0,0,0,0,-43.8,-3.7,8000
generic_negative,generic_neg_050.wav,1.0,-28.1,0.351,0.0,0,0,0,-43.8,0.6,8000
generic_negative,generic_neg_051.wav,1.0,-25.3,0.63,0.0,0,0,0,-46.0,-20.5,8000
generic_negative,generic_neg_052.wav,1.0,-22.5,0.769,0.0,0,0,0,-45.7,-21.1,8000
generic_negative,generic_neg_053.wav,1.0,-23.6,0.783,0.0,0,0,0,-48.0,-21.6,8000
generic_negative,generic_neg_054.wav,1.0,-21.8,0.807,0.0,0,0,0,-44.0,-22.1,8000
generic_negative,generic_neg_055.wav,1.0,-24.5,0.664,0.0,0,0,0,-46.6,-22.0,8000
generic_negative,generic_neg_056.wav,1.0,-27.0,0.425,0.0,0,0,0,-44.8,-19.5,8000
generic_negative,generic_neg_057.wav,1.0,-25.4,0.373,0.0,0,0,0,-45.9,-20.5,8000
generic_negative,generic_neg_058.wav,1.0,-27.2,0.467,0.0,0,0,0,-44.8,-16.9,8000
generic_negative,generic_neg_059.wav,1.0,-25.2,0.381,0.0,0,0,0,-45.5,-20.6,8000
generic_negative,generic_neg_060.wav,1.0,-26.8,0.424,0.0,0,0,0,-43.3,-19.6,8000
generic_negative,generic_neg_061.wav,1.0,-30.2,0.332,0.0,0,0,0,-45.9,-16.2,8000
generic_negative,generic_neg_062.wav,1.0,-27.4,0.376,0.0,0,0,0,-45.6,-17.5,8000
generic_negative,generic_neg_063.wav,1.0,-30.3,0.349,0.0,0,0,0,-44.7,-20.1,8000
generic_negative,generic_neg_064.wav,1.0,-27.3,0.339,0.0,0,0,0,-44.6,-21.9,8000
generic_negative,generic_neg_065.wav,1.0,-30.5,0.324,0.0,0,0,0,-44.9,-22.2,8000
generic_negative,generic_neg_066.wav,1.0,-27.7,0.327,0.0,0,0,0,-42.5,-18.7,8000
generic_negative,generic_neg_067.wav,1.0,-30.4,0.309,0.0,0,0,0,-45.0,-18.2,8000
generic_negative,generic_neg_068.wav,1.0,-27.7,0.329,0.0,0,0,0,-44.6,-18.5,8000
generic_negative,generic_neg_069.wav,1.0,-26.4,0.658,0.0,0,0,0,-45.2,-15.3,8000
generic_negative,generic_neg_070.wav,1.0,-24.1,0.671,0.0,0,0,0,-44.6,-10.5,8000
generic_negative,generic_neg_071.wav,1.0,-25.5,0.673,0.0,0,0,0,-45.6,-13.7,8000
generic_negative,generic_neg_072.wav,1.0,-23.5,0.801,0.0,0,0,0,-44.0,-10.6,8000
generic_negative,generic_neg_073.wav,1.0,-26.0,0.696,0.0,0,0,0,-45.6,-16.9,8000
generic_negative,generic_neg_074.wav,1.0,-23.5,0.815,0.0,0,0,0,-44.9,-13.3,8000
generic_negative,generic_neg_075.wav,1.0,-25.8,0.653,0.0,0,0,0,-45.0,-10.6,8000
generic_negative,generic_neg_076.wav,1.0,-24.2,0.741,0.0,0,0,0,-44.8,-14.2,8000
generic_negative,generic_neg_077.wav,1.0,-26.3,0.427,0.0,0,0,0,-45.4,-17.4,8000
generic_negative,generic_neg_078.wav,1.0,-25.0,0.401,0.0,0,0,0,-45.1,-17.1,8000
generic_negative,generic_neg_079.wav,1.0,-26.1,0.503,0.0,0,0,0,-45.7,-16.4,8000
generic_negative,generic_neg_080.wav,1.0,-24.9,0.389,0.0,0,0,0,-44.8,-17.8,8000
generic_negative,generic_neg_081.wav,1.0,-26.0,0.513,0.0,0,0,0,-44.9,-16.5,8000
generic_negative,generic_neg_082.wav,1.0,-24.9,0.387,0.0,0,0,0,-45.8,-17.2,8000
generic_negative,generic_neg_083.wav,1.0,-27.0,0.399,0.0,0,0,0,-45.6,-21.2,8000
generic_negative,generic_neg_084.wav,1.0,-28.2,0.41,0.0,0,0,0,-46.0,-21.2,8000
generic_negative,generic_neg_085.wav,1.0,-26.7,0.388,0.0,0,0,0,-46.4,-20.9,8000
generic_negative,generic_neg_086.wav,1.0,-27.9,0.439,0.0,0,0,0,-45.5,-22.7,8000
generic_negative,generic_neg_087.wav,1.0,-26.8,0.401,0.0,0,0,0,-43.4,-20.8,8000
generic_negative,generic_neg_088.wav,1.0,-27.8,0.456,0.0,0,0,0,-43.3,-21.8,8000
generic_negative,generic_neg_089.wav,1.0,-26.7,0.4,0.0,0,0,0,-43.9,-21.5,8000
generic_negative,generic_neg_090.wav,1.0,-28.0,0.443,0.0,0,0,0,-43.7,-21.7,8000
generic_negative,generic_neg_091.wav,1.0,-29.1,0.395,0.0,0,0,0,-45.0,-24.1,8000
generic_negative,generic_neg_092.wav,1.0,-28.2,0.387,0.0,0,0,0,-44.7,-22.5,8000
generic_negative,generic_neg_093.wav,1.0,-29.4,0.362,0.0,0,0,0,-45.0,-24.3,8000
generic_negative,generic_neg_094.wav,1.0,-31.6,0.192,0.0,0,0,0,-46.0,-22.2,8000
generic_negative,generic_neg_095.wav,1.0,-29.7,0.233,0.0,0,0,0,-44.0,-21.2,8000
generic_negative,generic_neg_096.wav,1.0,-31.4,0.193,0.0,0,0,0,-44.7,-22.1,8000
generic_negative,generic_neg_097.wav,1.0,-29.5,0.241,0.0,0,0,0,-44.5,-21.7,8000
generic_negative,generic_neg_098.wav,1.0,-32.0,0.185,0.0,0,0,0,-46.2,-21.4,8000
generic_negative,generic_neg_099.wav,1.0,-29.7,0.373,0.0,0,0,0,-45.3,-19.3,8000
generic_negative,generic_neg_100.wav,1.0,-28.3,0.487,0.0,0,0,0,-44.9,-20.2,8000
generic_negative,gsc_backward_0b7ee1a0_nohash_2.wav,1.0,-22.1,0.494,0.0,0,0,0,-49.2,-33.4,4880
generic_negative,gsc_backward_211b928a_nohash_4.wav,1.0,-21.0,0.769,0.0,0,0,0,-84.2,-45.3,3640
generic_negative,gsc_backward_23da904f_nohash_2.wav,1.0,-21.0,0.768,0.0,0,0,0,-63.7,-24.0,6120
generic_negative,gsc_backward_2aca1e72_nohash_5.wav,1.0,-22.7,0.506,0.0,0,0,0,-69.0,-43.5,4080
generic_negative,gsc_backward_45692b02_nohash_0.wav,1.0,-27.1,0.529,0.0,0,0,0,-77.0,-43.1,5120
generic_negative,gsc_backward_4fd1443e_nohash_0.wav,1.0,-24.6,0.708,0.0,0,0,0,-67.2,-36.4,6560
generic_negative,gsc_backward_578d3efb_nohash_1.wav,1.0,-21.6,0.824,0.0,0,0,0,-94.3,-28.9,7440
generic_negative,gsc_backward_cc3b5b62_nohash_2.wav,1.0,-21.6,0.506,0.0,0,0,0,-73.1,-36.5,6800
generic_negative,gsc_backward_d4dddb92_nohash_2.wav,1.0,-22.4,0.841,0.0,0,0,0,-55.0,-42.6,3760
generic_negative,gsc_backward_ef3367d9_nohash_2.wav,1.0,-21.7,0.864,0.0,0,0,0,-59.0,-27.3,6720
generic_negative,gsc_backward_ef77b778_nohash_2.wav,1.0,-21.2,0.827,0.0,0,0,0,-80.3,-31.3,6960
generic_negative,gsc_backward_ef77b778_nohash_4.wav,1.0,-22.6,0.763,0.0,0,0,0,-86.6,-34.8,4600
generic_negative,gsc_bed_09ddc105_nohash_1.wav,1.0,-23.5,0.683,0.0,0,0,0,-59.9,-17.9,6600
generic_negative,gsc_bed_0b56bcfe_nohash_0.wav,1.0,-18.1,0.993,0.0,0,0,0,-74.0,-36.6,4400
generic_negative,gsc_bed_1970b130_nohash_0.wav,1.0,-30.6,0.261,0.0,0,0,0,-33.5,-23.0,7760
generic_negative,gsc_bed_1a073312_nohash_1.wav,1.0,-30.1,0.174,0.0,0,0,0,-79.9,-31.8,4720
generic_negative,gsc_bed_3df9a3d4_nohash_0.wav,1.0,-19.6,0.99,0.0,0,0,0,-48.1,-39.9,4440
generic_negative,gsc_bed_41474817_nohash_0.wav,0.929,-39.9,0.078,0.0,0,0,0,-46.4,-25.4,5800
generic_negative,gsc_bed_708a9569_nohash_0.wav,1.0,-33.7,0.181,0.0,6,0,31.0,-109.5,-25.6,5040
generic_negative,gsc_bed_88a487ce_nohash_0.wav,1.0,-24.6,0.395,0.0,0,0,0,-44.2,-27.6,5920
generic_negative,gsc_bed_93ec8b84_nohash_0.wav,1.0,-22.1,0.63,0.0,0,0,0,-51.0,-32.9,4560
generic_negative,gsc_bed_9efe5140_nohash_1.wav,1.0,-28.0,0.368,0.0,0,0,0,-61.1,-26.0,6320
generic_negative,gsc_bed_a24582a0_nohash_0.wav,1.0,-19.4,0.827,0.0,0,0,0,-61.0,-31.6,5080
generic_negative,gsc_bird_042ea76c_nohash_0.wav,1.0,-25.1,0.381,0.0,0,0,0,-77.5,-45.6,2240
generic_negative,gsc_bird_129c7d8d_nohash_0.wav,1.0,-13.5,0.791,0.0,0,0,0,-50.9,-33.7,5120
generic_negative,gsc_bird_533c6564_nohash_0.wav,1.0,-30.2,0.281,0.0,0,0,0,-75.2,-69.2,2880
generic_negative,gsc_bird_559bc36a_nohash_0.wav,1.0,-21.3,0.805,0.0,0,0,0,-66.7,-54.6,3560
generic_negative,gsc_bird_65d844fc_nohash_0.wav,1.0,-25.5,0.322,0.0,0,0,0,-47.1,-51.1,2440
generic_negative,gsc_bird_70b0ccf4_nohash_0.wav,1.0,-35.8,0.081,0.0,0,0,0,-67.5,-42.7,3800
generic_negative,gsc_bird_8fe67225_nohash_0.wav,1.0,-19.3,0.826,0.0,0,0,0,-63.7,-44.2,3960
generic_negative,gsc_bird_b0ae6326_nohash_0.wav,1.0,-16.3,0.807,0.0,0,0,0,-77.3,-31.1,6480
generic_negative,gsc_bird_d7a58714_nohash_2.wav,1.0,-15.9,0.942,0.0,0,0,0,-65.7,-31.2,6480
generic_negative,gsc_bird_d926bb17_nohash_0.wav,0.896,-32.2,0.168,0.0,0,0,0,-54.2,-37.4,5040
generic_negative,gsc_bird_e63b69c5_nohash_1.wav,1.0,-18.1,0.591,0.0,0,0,0,-75.8,-46.1,2640
generic_negative,gsc_cat_1a4259c3_nohash_0.wav,0.836,-22.8,0.668,0.0,0,0,0,-47.2,-37.3,5280
generic_negative,gsc_cat_1b42b551_nohash_0.wav,1.0,-27.5,0.411,0.0,0,0,0,-67.7,-24.0,7800
generic_negative,gsc_cat_1c84a139_nohash_0.wav,1.0,-25.9,0.822,0.0,0,0,0,-75.3,-20.4,8000
generic_negative,gsc_cat_380abbad_nohash_0.wav,1.0,-25.4,0.898,0.0,0,0,0,-53.3,-26.1,6520
generic_negative,gsc_cat_5db0e146_nohash_0.wav,1.0,-29.5,0.496,0.0,0,0,0,-97.1,-18.6,6000
generic_negative,gsc_cat_5ff3f9a1_nohash_0.wav,1.0,-28.1,0.337,0.0,0,0,0,-44.3,-24.6,7080
generic_negative,gsc_cat_637c702a_nohash_0.wav,0.975,-31.4,0.524,0.0,0,0,0,-62.2,-34.8,4440
generic_negative,gsc_cat_66cff190_nohash_1.wav,1.0,-29.3,0.561,0.0,0,0,0,-83.1,-27.3,6600
generic_negative,gsc_cat_a3502f15_nohash_0.wav,1.0,-19.0,0.903,0.0,0,0,0,-62.9,-25.0,6560
generic_negative,gsc_cat_c87a578d_nohash_1.wav,1.0,-25.9,0.386,0.0,0,0,0,-61.4,-37.7,4720
generic_negative,gsc_cat_dca2797e_nohash_0.wav,1.0,-34.4,0.287,0.0,0,0,0,-85.2,-23.0,6120
generic_negative,gsc_cat_f798ac78_nohash_0.wav,1.0,-33.2,0.421,0.0,0,0,0,-81.3,-16.5,7320
generic_negative,gsc_dog_16d41d07_nohash_1.wav,1.0,-32.5,0.185,0.0,0,0,0,-56.0,-39.1,3040
generic_negative,gsc_dog_179a61b7_nohash_0.wav,1.0,-17.3,0.889,0.0,0,0,0,-43.6,-24.9,7440
generic_negative,gsc_dog_22296dbe_nohash_0.wav,1.0,-32.4,0.198,0.0,0,0,0,-62.7,-40.2,3400
generic_negative,gsc_dog_26b28ea7_nohash_2.wav,1.0,-27.7,0.208,0.0,0,0,0,-60.1,-32.9,6000
generic_negative,gsc_dog_3dfd6c23_nohash_0.wav,1.0,-36.8,0.235,0.0,0,0,0,-55.5,-7.8,7760
generic_negative,gsc_dog_6414258b_nohash_1.wav,0.939,-24.3,0.555,0.0,0,0,0,-56.6,-28.0,6520
generic_negative,gsc_dog_74551073_nohash_1.wav,1.0,-19.6,0.703,0.0,10,0,148.4,-105.1,-30.4,6040
generic_negative,gsc_dog_876c84d6_nohash_0.wav,1.0,-24.5,0.49,0.0,0,0,0,-44.3,-17.1,7240
generic_negative,gsc_dog_97101ef3_nohash_0.wav,1.0,-29.3,0.272,0.0,0,0,0,-53.6,-18.8,6800
generic_negative,gsc_dog_b83c1acf_nohash_0.wav,1.0,-21.6,0.626,0.0,0,0,0,-68.3,-36.5,5880
generic_negative,gsc_dog_c0e8f5a1_nohash_0.wav,1.0,-23.5,0.483,0.0,0,0,0,-46.0,-29.1,7120
generic_negative,gsc_dog_e57d35bc_nohash_0.wav,1.0,-38.6,0.091,0.0,0,0,0,-76.7,-42.1,4000
generic_negative,gsc_down_18e910f4_nohash_0.wav,1.0,-26.5,0.34,0.0,0,0,0,-83.8,-30.4,6240
generic_negative,gsc_down_1d1fe0a0_nohash_1.wav,1.0,-18.6,0.911,0.0,0,0,0,-57.1,-28.1,6520
generic_negative,gsc_down_3c8dc702_nohash_0.wav,1.0,-26.6,0.329,0.0,0,0,0,-74.0,-28.0,7440
generic_negative,gsc_down_4c3cddb8_nohash_2.wav,1.0,-21.6,0.661,0.0,0,0,0,-70.4,-32.6,7480
generic_negative,gsc_down_4fd1443e_nohash_1.wav,1.0,-22.7,0.576,0.0,0,0,0,-68.4,-35.8,5240
generic_negative,gsc_down_686d030b_nohash_2.wav,1.0,-25.0,0.496,0.0,0,0,0,-71.2,-31.4,6200
generic_negative,gsc_down_80be36a2_nohash_0.wav,1.0,-22.8,0.44,0.0,0,0,0,-71.0,-30.0,4400
generic_negative,gsc_down_b19f7f5f_nohash_1.wav,1.0,-29.5,0.252,0.0,0,0,0,-67.9,-22.5,7320
generic_negative,gsc_down_ceef6d96_nohash_1.wav,1.0,-18.7,0.755,0.0,0,0,0,-88.3,-32.7,5320
generic_negative,gsc_down_dfb6450b_nohash_0.wav,1.0,-20.7,0.974,0.0,0,0,0,-54.7,-33.5,6680
generic_negative,gsc_down_e6e29c47_nohash_0.wav,0.853,-24.7,0.596,0.0,0,0,0,-47.4,-35.6,6440
generic_negative,gsc_down_eaa83485_nohash_1.wav,1.0,-24.5,0.793,0.0,0,0,0,-70.6,-23.2,7720
generic_negative,gsc_eight_15f04ff8_nohash_0.wav,1.0,-32.7,0.229,0.0,0,0,0,-81.9,-10.7,7480
generic_negative,gsc_eight_2fee065a_nohash_0.wav,1.0,-13.0,1.0,0.0082,0,0,0,-37.2,-18.1,8000
generic_negative,gsc_eight_3b4f8f24_nohash_1.wav,1.0,-19.2,0.846,0.0,0,0,0,-62.6,-18.1,7360
generic_negative,gsc_eight_4c6167ca_nohash_5.wav,1.0,-29.5,0.365,0.0,0,0,0,-70.4,-13.2,7960
generic_negative,gsc_eight_651d108f_nohash_0.wav,1.0,-26.5,0.165,0.0,0,0,0,-27.4,-15.1,5760
generic_negative,gsc_eight_679463fc_nohash_3.wav,1.0,-28.9,0.395,0.0,0,0,0,-70.8,-7.1,7240
generic_negative,gsc_eight_68effe85_nohash_0.wav,1.0,-13.4,1.0,0.008,0,0,0,-33.1,-10.2,7480
generic_negative,gsc_eight_ad6a46f1_nohash_0.wav,1.0,-31.6,0.203,0.0,0,0,0,-41.0,-14.9,7080
generic_negative,gsc_eight_b69fe0e2_nohash_4.wav,1.0,-24.3,0.448,0.0,0,0,0,-72.9,-15.3,7760
generic_negative,gsc_eight_bbc30633_nohash_3.wav,1.0,-22.9,0.837,0.0,0,0,0,-42.9,-11.4,7800
generic_negative,gsc_eight_beb458a4_nohash_1.wav,1.0,-22.4,0.747,0.0,0,0,0,-66.8,-6.7,7320
generic_negative,gsc_eight_c351e611_nohash_2.wav,1.0,-23.1,0.669,0.0,0,0,0,-76.7,-55.6,3480
generic_negative,gsc_five_2b5e346d_nohash_2.wav,1.0,-18.3,0.91,0.0,0,0,0,-80.3,-7.4,7520
generic_negative,gsc_five_2d82a556_nohash_1.wav,1.0,-34.1,0.197,0.0,0,0,0,-49.3,-27.6,7000
generic_negative,gsc_five_3d9bbe2d_nohash_2.wav,1.0,-31.3,0.372,0.0,0,0,0,-73.3,-37.4,4840
generic_negative,gsc_five_45864319_nohash_1.wav,1.0,-30.2,0.255,0.0,0,0,0,-41.0,-11.1,7440
generic_negative,gsc_five_62f05757_nohash_2.wav,1.0,-37.6,0.088,0.0,0,0,0,-75.6,-19.1,7840
generic_negative,gsc_five_7b301939_nohash_1.wav,1.0,-41.0,0.066,0.0,0,0,0,-64.8,-26.1,6880
generic_negative,gsc_five_8dc18a75_nohash_4.wav,1.0,-17.6,0.827,0.0,0,0,0,-56.4,-44.6,3800
generic_negative,gsc_five_a7dd45cf_nohash_0.wav,1.0,-14.1,0.993,0.0,0,0,0,-27.4,-19.8,6960
generic_negative,gsc_five_a9ca1818_nohash_2.wav,1.0,-17.3,0.825,0.0,0,0,0,-56.3,-45.7,3960
generic_negative,gsc_five_b55a09be_nohash_0.wav,1.0,-31.6,0.156,0.0,0,0,0,-55.4,-20.0,7360
generic_negative,gsc_five_be0f2293_nohash_0.wav,0.981,-19.3,1.0,0.0003,0,0,0,-67.5,-24.0,5880
generic_negative,gsc_five_f0659908_nohash_1.wav,1.0,-19.7,0.831,0.0,0,0,0,-71.6,-40.9,4680
generic_negative,gsc_follow_0cb74144_nohash_2.wav,1.0,-22.0,0.597,0.0,0,0,0,-73.0,-36.1,4560
generic_negative,gsc_follow_1496195a_nohash_4.wav,1.0,-17.0,0.73,0.0,0,0,0,-62.1,-58.9,3240
generic_negative,gsc_follow_18e910f4_nohash_2.wav,1.0,-26.9,0.312,0.0,0,0,0,-90.5,-46.0,3240
generic_negative,gsc_follow_45692b02_nohash_1.wav,1.0,-22.8,0.699,0.0,0,0,0,-81.0,-50.2,3880
generic_negative,gsc_follow_4995d875_nohash_3.wav,1.0,-19.5,0.769,0.0,0,0,0,-65.8,-29.1,6840
generic_negative,gsc_follow_559bc36a_nohash_2.wav,1.0,-24.1,0.65,0.0,0,0,0,-75.7,-66.0,3480
generic_negative,gsc_follow_66e8a4ec_nohash_0.wav,0.975,-33.9,0.167,0.0,0,0,0,-52.6,-48.9,3840
generic_negative,gsc_follow_69a1a79f_nohash_2.wav,1.0,-24.7,0.476,0.0,0,0,0,-58.2,-49.9,3880
generic_negative,gsc_follow_89947bd7_nohash_4.wav,1.0,-20.6,0.78,0.0,0,0,0,-67.0,-28.8,5400
generic_negative,gsc_follow_bbf38549_nohash_4.wav,1.0,-18.2,0.699,0.0,0,0,0,-61.7,-38.7,5600
generic_negative,gsc_follow_ff2b842e_nohash_3.wav,1.0,-20.1,0.648,0.0,0,0,0,-88.7,-35.9,4920
generic_negative,gsc_forward_30060aba_nohash_2.wav,1.0,-23.8,0.473,0.0,0,0,0,-86.2,-42.8,4040
generic_negative,gsc_forward_435695e3_nohash_2.wav,1.0,-22.7,0.483,0.0,0,0,0,-79.2,-25.3,7480
generic_negative,gsc_forward_45692b02_nohash_0.wav,1.0,-20.9,0.786,0.0,0,0,0,-79.1,-57.1,3480
generic_negative,gsc_forward_5a5721f8_nohash_0.wav,1.0,-18.8,0.87,0.0,0,0,0,-85.7,-49.6,3320
generic_negative,gsc_forward_679463fc_nohash_0.wav,1.0,-22.9,0.699,0.0,0,0,0,-72.9,-35.3,6080
generic_negative,gsc_forward_893705bb_nohash_2.wav,1.0,-30.5,0.207,0.0,0,0,0,-72.7,-56.6,2120
generic_negative,gsc_forward_a04817c2_nohash_4.wav,1.0,-18.3,0.735,0.0,0,0,0,-73.8,-41.6,4120
generic_negative,gsc_forward_ac9dee0e_nohash_1.wav,1.0,-21.1,0.795,0.0,0,0,0,-64.7,-21.4,7440
generic_negative,gsc_forward_c351e611_nohash_2.wav,1.0,-16.8,0.772,0.0,0,0,0,-74.3,-59.9,1200
generic_negative,gsc_forward_dcbfe008_nohash_1.wav,0.853,-22.6,0.419,0.0,0,0,0,-36.6,-50.5,2400
generic_negative,gsc_forward_e11fbc6e_nohash_0.wav,1.0,-22.4,0.55,0.0,0,0,0,-40.8,-49.2,2240
generic_negative,gsc_forward_f30285c8_nohash_3.wav,1.0,-30.0,0.294,0.0,0,0,0,-67.6,-17.1,7240
generic_negative,gsc_four_2748cce7_nohash_1.wav,1.0,-27.9,0.313,0.0,0,0,0,-84.4,-56.3,1440
generic_negative,gsc_four_44260689_nohash_1.wav,1.0,-15.1,0.883,0.0,0,0,0,-68.7,-36.0,5200
generic_negative,gsc_four_499be02e_nohash_1.wav,1.0,-21.4,0.541,0.0,0,0,0,-84.3,-39.8,1880
generic_negative,gsc_four_7014b07e_nohash_1.wav,1.0,-12.7,0.372,0.0,0,0,0,-12.8,-29.5,960
generic_negative,gsc_four_79903546_nohash_0.wav,0.811,-13.7,1.0,0.0057,0,0,0,-67.6,-30.5,7760
generic_negative,gsc_four_9a356ab9_nohash_0.wav,1.0,-19.8,0.556,0.0,0,0,0,-54.4,-25.7,4680
generic_negative,gsc_four_a05a90c1_nohash_1.wav,1.0,-22.0,0.508,0.0,0,0,0,-51.8,-36.7,4520
generic_negative,gsc_four_a77fbcfd_nohash_3.wav,1.0,-21.9,0.768,0.0,0,0,0,-72.2,-33.5,7080
generic_negative,gsc_four_a7acbbeb_nohash_2.wav,1.0,-23.9,0.441,0.0,0,0,0,-77.2,-40.2,6200
generic_negative,gsc_four_cf8d91cf_nohash_0.wav,1.0,-37.9,0.073,0.0,0,0,0,-62.6,-21.2,7080
generic_negative,gsc_four_cfde27ba_nohash_1.wav,1.0,-44.1,0.042,0.0,0,0,0,-48.0,-7.5,7800
generic_negative,gsc_four_fb8c31a9_nohash_1.wav,1.0,-18.8,0.772,0.0,0,0,0,-58.9,-27.0,6920
generic_negative,gsc_go_0d82fd99_nohash_3.wav,1.0,-19.9,0.71,0.0,0,0,0,-84.4,-31.4,7400
generic_negative,gsc_go_196e84b7_nohash_0.wav,0.853,-32.8,0.12,0.0,0,0,0,-35.3,-6.9,8000
generic_negative,gsc_go_1e02ffc5_nohash_1.wav,1.0,-21.4,0.496,0.0,0,0,0,-68.2,-51.6,3400
generic_negative,gsc_go_25132942_nohash_0.wav,1.0,-27.0,0.519,0.0,4,0,19.1,-90.5,-29.3,6920
generic_negative,gsc_go_28e47b1a_nohash_4.wav,1.0,-20.9,0.775,0.0,0,0,0,-53.3,-30.6,6800
generic_negative,gsc_go_39999a0f_nohash_1.wav,1.0,-28.1,0.232,0.0,0,0,0,-81.4,-29.4,6880
generic_negative,gsc_go_6124b431_nohash_2.wav,1.0,-28.8,0.373,0.0,0,0,0,-82.0,-33.6,4680
generic_negative,gsc_go_87728a88_nohash_0.wav,0.882,-26.7,0.324,0.0,0,0,0,-46.7,-30.5,7040
generic_negative,gsc_go_8b25410a_nohash_2.wav,1.0,-20.5,0.709,0.0,0,0,0,-51.8,-19.8,6640
generic_negative,gsc_go_af6fbbf5_nohash_2.wav,1.0,-19.7,0.615,0.0,0,0,0,-63.3,-53.2,880
generic_negative,gsc_go_cc2f1a85_nohash_1.wav,1.0,-28.4,0.259,0.0,0,0,0,-93.1,-22.6,6720
generic_negative,gsc_go_e9287461_nohash_0.wav,1.0,-32.7,0.31,0.0,0,0,0,-76.8,-30.0,7080
generic_negative,gsc_happy_07089da9_nohash_0.wav,1.0,-34.2,0.209,0.0,0,0,0,-71.7,-24.4,7520
generic_negative,gsc_happy_2250f5f2_nohash_1.wav,1.0,-22.1,1.0,0.0005,0,0,0,-55.8,-28.4,6960
generic_negative,gsc_happy_3a53b856_nohash_0.wav,1.0,-23.1,0.424,0.0,0,0,0,-51.8,-36.7,6920
generic_negative,gsc_happy_3b7f817e_nohash_0.wav,1.0,-23.1,0.798,0.0,0,0,0,-87.5,-32.6,5400
generic_negative,gsc_happy_525eaa62_nohash_0.wav,1.0,-28.2,0.594,0.0,0,0,0,-78.8,-28.1,6880
generic_negative,gsc_happy_824e8ce5_nohash_0.wav,1.0,-30.4,0.493,0.0,0,0,0,-81.1,-30.5,5320
generic_negative,gsc_happy_88e90bc1_nohash_1.wav,1.0,-16.4,0.737,0.0,0,0,0,-24.1,-13.2,6680
generic_negative,gsc_happy_c351e611_nohash_0.wav,1.0,-25.4,0.405,0.0,0,0,0,-73.8,-53.8,3320
generic_negative,gsc_happy_c50225fa_nohash_1.wav,1.0,-26.1,0.478,0.0,0,0,0,-58.1,-19.0,4840
generic_negative,gsc_happy_d952a17e_nohash_0.wav,0.811,-35.5,0.246,0.0,0,0,0,-67.3,-28.1,6800
generic_negative,gsc_happy_f1b35ace_nohash_0.wav,1.0,-18.6,1.0,0.0004,0,0,0,-77.6,-23.7,7200
generic_negative,gsc_house_016e2c6d_nohash_1.wav,0.896,-30.2,0.255,0.0,0,0,0,-72.6,-21.6,6960
generic_negative,gsc_house_363c6bad_nohash_1.wav,1.0,-19.9,1.0,0.0004,0,0,0,-42.2,-5.7,7800
generic_negative,gsc_house_4e8c5516_nohash_2.wav,1.0,-24.9,0.504,0.0,0,0,0,-55.8,-26.0,6360
generic_negative,gsc_house_5a3712c9_nohash_0.wav,1.0,-32.8,0.224,0.0,0,0,0,-83.3,-13.3,7520
generic_negative,gsc_house_645ed69d_nohash_0.wav,1.0,-25.6,0.398,0.0,0,0,0,-54.3,-16.9,7920
generic_negative,gsc_house_82b99576_nohash_0.wav,1.0,-25.9,0.36,0.0,0,0,0,-48.2,0.2,7400
generic_negative,gsc_house_936de313_nohash_0.wav,1.0,-33.2,0.435,0.0,0,0,0,-68.6,-12.6,7720
generic_negative,gsc_house_d312f481_nohash_0.wav,1.0,-21.7,0.557,0.0,0,0,0,-42.7,-10.0,7600
generic_negative,gsc_house_dce05676_nohash_0.wav,1.0,-20.9,0.766,0.0,0,0,0,-73.0,-64.0,3120
generic_negative,gsc_house_f638a812_nohash_0.wav,1.0,-8.0,1.0,0.0516,0,0,0,-47.4,-0.9,8000
generic_negative,gsc_house_facd97c0_nohash_0.wav,1.0,-9.9,1.0,0.0159,0,0,0,-60.2,-13.0,7360
generic_negative,gsc_learn_00970ce1_nohash_0.wav,0.853,-33.0,0.195,0.0,0,0,0,-62.5,-20.6,5640
generic_negative,gsc_learn_0a2b400e_nohash_1.wav,1.0,-19.4,0.706,0.0,0,0,0,-70.0,-34.9,7920
generic_negative,gsc_learn_24a3e589_nohash_0.wav,1.0,-24.3,0.491,0.0,0,0,0,-86.6,-28.1,6560
generic_negative,gsc_learn_31f01a8d_nohash_0.wav,1.0,-15.6,0.829,0.0,0,0,0,-59.5,-26.5,6560
generic_negative,gsc_learn_32ad5b65_nohash_1.wav,1.0,-20.9,0.732,0.0,0,0,0,-69.1,-42.0,4320
generic_negative,gsc_learn_676f8138_nohash_2.wav,1.0,-30.1,0.246,0.0,0,0,0,-61.8,-35.7,5320
generic_negative,gsc_learn_833d9f56_nohash_2.wav,1.0,-18.8,0.805,0.0,0,0,0,-64.1,-20.6,7560
generic_negative,gsc_learn_a929f9b9_nohash_0.wav,1.0,-16.4,0.724,0.0,0,0,0,-80.6,-40.0,4240
generic_negative,gsc_learn_b5cf6ea8_nohash_1.wav,1.0,-23.4,0.499,0.0,0,0,0,-67.6,-19.1,6480
generic_negative,gsc_learn_b8874962_nohash_0.wav,1.0,-25.5,0.374,0.0,0,0,0,-76.5,-44.3,3880
generic_negative,gsc_learn_cb62dbf1_nohash_3.wav,1.0,-17.2,0.853,0.0,0,0,0,-69.7,-43.8,3800
generic_negative,gsc_learn_fc3ba625_nohash_3.wav,1.0,-20.0,0.74,0.0,0,0,0,-79.4,-42.2,2600
generic_negative,gsc_left_122c5aa7_nohash_1.wav,1.0,-23.0,0.728,0.0,0,0,0,-57.4,-31.6,6880
generic_negative,gsc_left_df1d5024_nohash_0.wav,1.0,-36.9,0.333,0.0,0,0,0,-75.8,-9.0,8000
generic_negative,gsc_left_e77d88fc_nohash_0.wav,1.0,-18.4,0.968,0.0,0,0,0,-44.5,-20.3,6680
generic_negative,gsc_left_f3d06008_nohash_0.wav,1.0,-13.9,1.0,0.0105,0,0,0,-64.3,-19.3,7920
generic_negative,gsc_left_f3d06008_nohash_3.wav,1.0,-15.0,1.0,0.0059,0,0,0,-63.7,-17.4,8000
generic_negative,gsc_marvin_d486fb84_nohash_1.wav,1.0,-22.5,0.597,0.0,0,0,0,-74.0,-15.3,6800
generic_negative,gsc_marvin_eee5e541_nohash_0.wav,1.0,-28.0,0.367,0.0,0,0,0,-59.0,-42.3,4400
generic_negative,gsc_marvin_f3957e23_nohash_0.wav,1.0,-26.5,0.293,0.0,0,0,0,-44.4,-35.7,6600
generic_negative,gsc_nine_20fd451f_nohash_0.wav,1.0,-19.9,0.625,0.0,0,0,0,-70.7,-36.3,4760
generic_negative,gsc_nine_afabfa0e_nohash_1.wav,1.0,-30.8,0.191,0.0,0,0,0,-62.9,-23.4,5520
generic_negative,gsc_nine_b5552931_nohash_1.wav,1.0,-25.1,0.623,0.0,0,0,0,-66.5,-23.1,6400
generic_negative,gsc_nine_f0522ff4_nohash_3.wav,1.0,-20.2,0.864,0.0,0,0,0,-50.2,-15.6,7160
generic_negative,gsc_no_acfd5b5e_nohash_3.wav,1.0,-19.7,0.751,0.0,0,0,0,-92.4,-28.0,7200
generic_negative,gsc_no_beb49c22_nohash_0.wav,1.0,-20.6,0.794,0.0,0,0,0,-82.0,-24.1,5200
generic_negative,gsc_off_bbf38549_nohash_0.wav,1.0,-27.4,0.403,0.0,0,0,0,-62.6,-26.3,7240
generic_negative,gsc_off_f1d36c53_nohash_0.wav,1.0,-33.5,0.168,0.0,0,0,0,-66.7,-29.5,4320
generic_negative,gsc_off_fcb25a78_nohash_2.wav,1.0,-16.9,1.0,0.0001,0,0,0,-42.6,-23.4,6520
generic_negative,gsc_on_257e17e0_nohash_0.wav,1.0,-26.9,0.343,0.0,0,0,0,-54.7,-33.5,4920
generic_negative,gsc_on_837a0f64_nohash_4.wav,1.0,-20.3,0.839,0.0,0,0,0,-75.9,-35.8,4880
generic_negative,gsc_on_dca2797e_nohash_1.wav,1.0,-29.5,0.288,0.0,0,0,0,-85.1,-31.6,6480
generic_negative,gsc_on_f192e6b4_nohash_0.wav,1.0,-22.4,0.428,0.0,0,0,0,-48.8,-32.8,5160
generic_negative,gsc_on_ff2b842e_nohash_3.wav,1.0,-19.2,0.745,0.0,0,0,0,-88.7,-35.0,3600
generic_negative,gsc_one_c79159aa_nohash_1.wav,1.0,-22.6,0.62,0.0,0,0,0,-55.7,-40.1,3400
generic_negative,gsc_right_cb62dbf1_nohash_2.wav,1.0,-20.1,0.808,0.0,0,0,0,-72.0,-45.6,3920
generic_negative,gsc_right_dea820ce_nohash_3.wav,1.0,-20.1,0.755,0.0,0,0,0,-85.2,-32.6,6640
generic_negative,gsc_right_f0ac2522_nohash_0.wav,1.0,-31.9,0.261,0.0,0,0,0,-71.2,-28.2,6720
generic_negative,gsc_seven_4a803e67_nohash_0.wav,1.0,-25.6,0.368,0.0,0,0,0,-41.8,-17.4,7400
generic_negative,gsc_seven_e57d35bc_nohash_1.wav,1.0,-30.6,0.253,0.0,0,0,0,-65.4,-40.9,4400
generic_negative,gsc_sheila_0f2442b6_nohash_1.wav,1.0,-36.8,0.112,0.0,0,0,0,-46.4,-23.1,8000
generic_negative,gsc_sheila_de4f7798_nohash_0.wav,1.0,-22.4,0.552,0.0,0,0,0,-59.4,-4.0,7200
generic_negative,gsc_sheila_efab2cbd_nohash_0.wav,0.832,-17.0,0.994,0.0,0,0,0,-68.3,-2.0,7440
generic_negative,gsc_six_ee1d8d49_nohash_2.wav,1.0,-26.4,0.514,0.0,0,0,0,-77.6,-5.8,7720
generic_negative,gsc_six_fbb56351_nohash_3.wav,1.0,-26.7,0.368,0.0,0,0,0,-77.2,-1.7,8000
generic_negative,gsc_stop_6c968bd9_nohash_1.wav,1.0,-19.9,0.848,0.0,0,0,0,-69.1,-17.4,7640
generic_negative,gsc_stop_7f74626f_nohash_0.wav,1.0,-21.0,0.96,0.0,0,0,0,-69.0,-36.4,7160
generic_negative,gsc_stop_fa7895de_nohash_1.wav,1.0,-32.8,0.261,0.0,0,0,0,-58.2,-8.3,7440
generic_negative,gsc_three_2b5e346d_nohash_3.wav,1.0,-18.9,0.902,0.0,0,0,0,-78.6,-3.4,7920
generic_negative,gsc_three_7d6b4b10_nohash_0.wav,1.0,-26.7,0.329,0.0,0,0,0,-81.7,-27.3,7280
generic_negative,gsc_three_de040337_nohash_0.wav,1.0,-32.6,0.14,0.0,0,0,0,-59.0,-33.4,6920
generic_negative,gsc_tree_15f04ff8_nohash_0.wav,1.0,-35.1,0.122,0.0,0,0,0,-82.1,-15.4,7480
generic_negative,gsc_tree_161fcca8_nohash_3.wav,1.0,-33.7,0.088,0.0,0,0,0,-65.1,-35.8,4400
generic_negative,gsc_tree_5d9bb361_nohash_0.wav,1.0,-34.6,0.212,0.0,0,0,0,-53.8,-17.8,7480
generic_negative,gsc_tree_8c4854bc_nohash_1.wav,1.0,-16.8,0.991,0.0,0,0,0,-56.2,-28.4,6640
generic_negative,gsc_tree_e0ff1e9c_nohash_0.wav,1.0,-21.7,0.744,0.0,0,0,0,-67.7,-25.3,4840
generic_negative,gsc_two_2aca1e72_nohash_0.wav,1.0,-22.6,0.506,0.0,0,0,0,-68.8,-51.3,3440
generic_negative,gsc_two_8a90cf67_nohash_0.wav,1.0,-11.7,0.805,0.0,0,0,0,-20.6,-7.6,8000
generic_negative,gsc_two_e71a9381_nohash_2.wav,1.0,-20.7,0.538,0.0,0,0,0,-70.9,-20.5,7880
generic_negative,gsc_two_f810e799_nohash_0.wav,1.0,-31.6,0.186,0.0,0,0,0,-56.0,-28.1,5800
generic_negative,gsc_up_0d90d8e1_nohash_4.wav,1.0,-23.4,0.786,0.0,0,0,0,-63.4,-23.1,7240
generic_negative,gsc_up_43fc47a7_nohash_1.wav,1.0,-29.8,0.238,0.0,0,0,0,-41.9,-15.6,7000
generic_negative,gsc_up_fa52ddf6_nohash_4.wav,1.0,-21.4,0.931,0.0,0,0,0,-54.6,-25.2,6840
generic_negative,gsc_visual_1b5ba788_nohash_1.wav,1.0,-36.3,0.128,0.0,1,0,20.2,-90.4,-19.2,6280
generic_negative,gsc_visual_e49428d9_nohash_1.wav,1.0,-31.4,0.19,0.0,0,0,0,-77.9,-17.3,6120
generic_negative,gsc_visual_f0522ff4_nohash_1.wav,1.0,-18.4,0.638,0.0,0,0,0,-77.4,-19.7,7320
generic_negative,gsc_wow_06f6c194_nohash_0.wav,1.0,-18.3,0.797,0.0,1,0,261.1,-85.1,-40.8,3880
generic_negative,gsc_wow_de89e2ca_nohash_1.wav,1.0,-18.4,0.807,0.0,0,0,0,-89.1,-32.2,5360
generic_negative,gsc_wow_df280250_nohash_0.wav,0.939,-22.8,0.403,0.0,0,0,0,-39.0,-35.3,5560
generic_negative,gsc_yes_3d794813_nohash_1.wav,1.0,-16.7,0.913,0.0,0,0,0,-44.5,-10.3,8000
generic_negative,gsc_yes_5c43ac9f_nohash_0.wav,1.0,-26.4,0.484,0.0,2,0,10.2,-92.2,-11.1,7080
generic_negative,gsc_yes_e53139ad_nohash_2.wav,1.0,-30.0,0.405,0.0,0,0,0,-85.0,-17.4,7320
generic_negative,gsc_yes_e57abea3_nohash_0.wav,1.0,-26.9,0.308,0.0,0,0,0,-56.8,-26.8,7240
generic_negative,gsc_yes_f2e9b610_nohash_3.wav,1.0,-19.4,0.701,0.0,0,0,0,-83.7,-11.6,7520
generic_negative,gsc_zero_27b03931_nohash_0.wav,1.0,-39.8,0.131,0.0,0,0,0,-60.4,-19.1,7240
generic_negative,gsc_zero_4e6902d0_nohash_3.wav,1.0,-27.6,0.366,0.0,0,0,0,-63.3,-15.6,8000
generic_negative,gsc_zero_92a9c5e6_nohash_1.wav,1.0,-14.9,0.826,0.0,0,0,0,-52.5,-38.3,3760
background_negative,noise_001.wav,1.0,-24.8,0.622,0.0,0,0,0,-28.2,-3.0,8000
background_negative,noise_002.wav,1.0,-24.5,0.793,0.0,1,0,12.2,-33.2,-1.8,8000
background_negative,noise_003.wav,1.0,-23.0,0.592,0.0,0,0,0,-29.1,-5.8,8000
background_negative,noise_004.wav,1.0,-27.0,0.662,0.0,0,0,0,-33.1,-1.1,8000
background_negative,noise_005.wav,1.0,-23.4,0.66,0.0,0,0,0,-34.1,-7.0,8000
background_negative,noise_006.wav,1.0,-14.5,1.0,0.0013,0,0,0,-19.3,-0.5,8000
background_negative,noise_007.wav,1.0,-13.8,1.0,0.007,0,0,0,-24.0,-2.6,8000
background_negative,noise_008.wav,1.0,-13.8,1.0,0.0026,0,0,0,-25.6,-5.0,8000
background_negative,noise_009.wav,1.0,-13.7,1.0,0.0094,0,0,0,-25.3,-6.8,8000
background_negative,noise_010.wav,1.0,-10.2,1.0,0.0164,0,0,0,-20.4,-3.3,8000
background_negative,noise_011.wav,1.0,-10.4,1.0,0.0131,0,0,0,-20.2,-9.6,8000
background_negative,noise_012.wav,1.0,-12.3,1.0,0.0097,0,0,0,-23.6,-8.9,8000
background_negative,noise_013.wav,1.0,-22.3,1.0,0.0004,0,0,0,-31.7,-3.8,8000
background_negative,noise_014.wav,1.0,-12.7,1.0,0.0085,0,0,0,-21.7,-3.7,8000
background_negative,noise_015.wav,1.0,-10.6,1.0,0.0206,0,0,0,-28.3,-0.8,8000
background_negative,noise_016.wav,1.0,-17.1,1.0,0.0019,0,0,0,-31.8,-7.0,8000
background_negative,noise_017.wav,1.0,-16.7,1.0,0.0054,0,0,0,-31.0,-9.1,8000
background_negative,noise_018.wav,1.0,-19.6,1.0,0.0013,0,0,0,-35.5,-0.5,8000
background_negative,noise_019.wav,1.0,-24.7,0.75,0.0,0,0,0,-34.1,-9.8,8000
background_negative,noise_020.wav,1.0,-13.9,1.0,0.0128,0,0,0,-34.1,-10.1,8000
background_negative,noise_021.wav,1.0,-23.4,0.709,0.0,0,0,0,-35.4,-7.7,8000
background_negative,noise_022.wav,1.0,-20.2,0.947,0.0,0,0,0,-32.2,-8.2,8000
background_negative,noise_023.wav,1.0,-21.3,0.914,0.0,0,0,0,-31.0,-3.7,8000
background_negative,noise_024.wav,1.0,-15.3,1.0,0.0005,0,0,0,-20.9,-3.1,8000
background_negative,noise_025.wav,1.0,-10.4,1.0,0.0337,0,0,0,-25.1,-11.4,8000
background_negative,noise_026.wav,1.0,-5.9,1.0,0.1019,0,0,0,-27.9,-14.2,8000
background_negative,noise_027.wav,1.0,-4.7,1.0,0.1419,0,0,0,-17.1,-12.0,8000
background_negative,noise_028.wav,1.0,-8.2,1.0,0.0484,0,0,0,-22.3,-9.4,8000
background_negative,noise_029.wav,1.0,-18.0,0.985,0.0,0,0,0,-29.1,-3.4,8000
background_negative,noise_030.wav,1.0,-9.1,1.0,0.0372,0,0,0,-28.5,-12.2,8000
background_negative,noise_031.wav,1.0,-3.1,1.0,0.2124,0,0,0,-8.6,-11.0,8000
background_negative,noise_032.wav,1.0,-17.4,0.951,0.0,0,0,0,-26.3,-21.2,8000
background_negative,noise_033.wav,1.0,-15.9,1.0,0.0022,0,0,0,-31.2,-16.4,8000
background_negative,noise_034.wav,1.0,-21.5,0.966,0.0,0,0,0,-32.0,-14.0,8000
background_negative,noise_035.wav,1.0,-24.1,1.0,0.0001,0,0,0,-34.4,-0.8,8000
background_negative,noise_036.wav,1.0,-14.9,1.0,0.0001,0,0,0,-22.3,1.1,8000
background_negative,noise_037.wav,1.0,-11.3,1.0,0.0149,0,0,0,-23.6,-11.5,8000
background_negative,noise_038.wav,1.0,-12.3,1.0,0.0066,0,0,0,-20.2,-9.9,8000
background_negative,noise_039.wav,1.0,-10.4,1.0,0.0151,0,0,0,-21.7,-7.1,8000
background_negative,noise_040.wav,1.0,-11.5,1.0,0.0129,0,0,0,-24.2,-7.9,8000
background_negative,noise_041.wav,1.0,-13.3,1.0,0.0097,0,0,0,-30.2,-10.0,8000
background_negative,noise_042.wav,1.0,-23.9,0.38,0.0,0,0,0,-29.1,-0.3,8000
background_negative,noise_043.wav,1.0,-18.5,1.0,0.0001,0,0,0,-29.8,-4.2,8000
background_negative,noise_044.wav,1.0,-17.4,1.0,0.0004,0,0,0,-23.9,-4.4,8000
background_negative,noise_045.wav,1.0,-18.6,1.0,0.0001,0,0,0,-24.1,0.4,8000
background_negative,noise_046.wav,1.0,-11.9,1.0,0.0024,0,0,0,-21.5,5.7,8000
background_negative,noise_047.wav,1.0,-18.1,0.681,0.0,0,0,0,-29.0,7.8,8000
background_negative,noise_048.wav,1.0,-25.2,0.973,0.0,0,0,0,-32.1,-6.1,8000
background_negative,noise_049.wav,1.0,-24.5,0.792,0.0,0,0,0,-31.5,-7.4,8000
background_negative,noise_050.wav,1.0,-24.5,0.963,0.0,0,0,0,-30.7,-1.8,8000
background_negative,noise_051.wav,1.0,-16.4,1.0,0.0004,0,0,0,-30.1,-15.2,8000
background_negative,noise_052.wav,1.0,-21.4,0.568,0.0,0,0,0,-31.4,-18.7,8000
background_negative,noise_053.wav,1.0,-23.7,0.405,0.0,0,0,0,-32.4,-12.5,8000
background_negative,noise_054.wav,1.0,-19.2,0.577,0.0,0,0,0,-30.5,-14.5,8000
background_negative,noise_055.wav,1.0,-17.4,0.695,0.0,0,0,0,-28.5,-16.4,8000
background_negative,noise_056.wav,1.0,-16.6,1.0,0.003,0,0,0,-30.1,-16.7,8000
background_negative,noise_057.wav,1.0,-16.2,1.0,0.0031,0,0,0,-29.6,-10.4,8000
background_negative,noise_058.wav,1.0,-17.0,1.0,0.0008,0,0,0,-31.6,-8.0,8000
background_negative,noise_059.wav,1.0,-15.7,1.0,0.0015,0,0,0,-30.7,-17.5,8000
background_negative,noise_060.wav,1.0,-18.5,0.756,0.0,0,0,0,-29.4,-6.8,8000
background_negative,noise_061.wav,1.0,-16.7,0.811,0.0,0,0,0,-21.5,-4.1,8000
background_negative,noise_062.wav,1.0,-30.6,0.193,0.0,0,0,0,-34.9,-7.2,8000
background_negative,noise_063.wav,1.0,-29.8,0.35,0.0,0,0,0,-34.9,-12.1,8000
background_negative,noise_064.wav,1.0,-25.4,0.428,0.0,0,0,0,-31.7,-19.3,8000
background_negative,noise_065.wav,1.0,-15.7,1.0,0.0038,1,1,20.2,-21.0,-14.4,8000
background_negative,noise_066.wav,1.0,-15.6,1.0,0.0028,5,4,50.8,-24.8,-14.0,8000
background_negative,noise_067.wav,1.0,-17.8,1.0,0.0006,5,5,55.2,-25.5,-16.6,8000
background_negative,noise_068.wav,1.0,-16.1,1.0,0.0001,3,3,17.6,-18.3,-15.5,8000
background_negative,noise_069.wav,1.0,-18.0,1.0,0.0001,0,0,0,-26.7,-16.3,8000
background_negative,noise_070.wav,1.0,-12.2,1.0,0.0009,0,0,0,-24.4,-22.7,8000
background_negative,noise_071.wav,1.0,-27.3,0.186,0.0,0,0,0,-32.0,-17.2,8000
background_negative,noise_072.wav,1.0,-25.6,0.554,0.0,0,0,0,-31.9,-18.1,8000
background_negative,noise_073.wav,1.0,-32.2,0.244,0.0,0,0,0,-36.6,-6.3,8000
background_negative,noise_074.wav,1.0,-32.9,0.174,0.0,0,0,0,-39.1,-9.6,8000
background_negative,noise_075.wav,1.0,-34.6,0.168,0.0,0,0,0,-38.6,-7.3,8000
background_negative,noise_076.wav,1.0,-33.3,0.323,0.0,0,0,0,-38.3,-7.2,8000
background_negative,noise_077.wav,1.0,-33.5,0.456,0.0,0,0,0,-38.8,-6.1,8000
background_negative,noise_078.wav,1.0,-33.7,0.383,0.0,0,0,0,-39.3,-4.9,8000
background_negative,noise_079.wav,1.0,-33.4,0.265,0.0,0,0,0,-39.7,-5.8,8000
background_negative,noise_080.wav,1.0,-35.7,0.159,0.0,0,0,0,-40.2,-8.4,8000
background_negative,noise_081.wav,1.0,-32.5,0.205,0.0,0,0,0,-40.5,-11.2,8000
background_negative,noise_082.wav,1.0,-36.4,0.14,0.0,0,0,0,-41.5,-10.6,8000
background_negative,noise_083.wav,1.0,-34.3,0.188,0.0,0,0,0,-40.2,-2.3,8000
background_negative,noise_084.wav,1.0,-27.4,0.501,0.0,0,0,0,-34.6,-6.2,8000
background_negative,noise_085.wav,1.0,-32.8,0.339,0.0,0,0,0,-39.1,-5.5,8000
background_negative,noise_086.wav,1.0,-32.6,0.257,0.0,0,0,0,-39.1,-6.4,8000
background_negative,noise_087.wav,1.0,-36.2,0.128,0.0,0,0,0,-39.9,-9.7,8000
background_negative,noise_088.wav,1.0,-31.3,0.43,0.0,0,0,0,-37.5,-6.8,8000
background_negative,noise_089.wav,1.0,-29.1,0.305,0.0,0,0,0,-36.7,-3.4,8000
background_negative,noise_090.wav,1.0,-25.8,0.814,0.0,0,0,0,-36.4,-4.1,8000
background_negative,noise_091.wav,1.0,-25.8,0.734,0.0,0,0,0,-38.4,-4.0,8000
background_negative,noise_092.wav,1.0,-29.0,0.709,0.0,0,0,0,-38.1,-1.7,8000
background_negative,noise_093.wav,1.0,-32.5,0.272,0.0,0,0,0,-38.2,-6.3,8000
background_negative,noise_094.wav,1.0,-34.1,0.151,0.0,0,0,0,-40.6,-8.4,8000
background_negative,noise_095.wav,1.0,-26.8,0.612,0.0,0,0,0,-38.5,-17.3,8000
background_negative,noise_096.wav,1.0,-33.8,0.191,0.0,0,0,0,-42.3,-6.1,8000
background_negative,noise_097.wav,1.0,-33.5,0.433,0.0,0,0,0,-39.8,-6.0,8000
background_negative,noise_098.wav,1.0,-34.4,0.297,0.0,0,0,0,-38.5,-4.6,8000
background_negative,noise_099.wav,1.0,-32.7,0.5,0.0,0,0,0,-40.4,-5.6,8000
background_negative,noise_100.wav,1.0,-32.3,0.383,0.0,0,0,0,-40.5,-6.8,8000
background_negative,noise_101.wav,1.0,-27.9,0.966,0.0,0,0,0,-38.6,-11.6,8000
positive_akash,vektora_positive0000.wav,1.0,-25.1,0.348,0.0,0,0,0,-35.5,-14.5,7880
positive_akash,vektora_positive0001.wav,1.0,-26.1,0.844,0.0,0,0,0,-41.8,-12.9,7880
positive_akash,vektora_positive0002.wav,1.0,-4.8,1.0,0.0037,0,0,0,-5.2,-5.8,7960
positive_akash,vektora_positive0003.wav,1.0,-30.4,0.231,0.0,0,0,0,-41.9,-14.5,7880
positive_akash,vektora_positive0004.wav,1.0,-29.7,0.24,0.0,0,0,0,-42.1,-15.6,7880
positive_akash,vektora_positive0005.wav,1.0,-32.5,0.142,0.0,0,0,0,-43.1,-16.6,7760
positive_akash,vektora_positive0006.wav,1.0,-19.7,0.568,0.0,0,0,0,-32.7,-32.0,4680
positive_akash,vektora_positive0007.wav,1.0,-18.8,0.61,0.0,0,0,0,-31.6,-28.5,4640
positive_akash,vektora_positive0008.wav,1.0,-15.1,0.996,0.0,0,0,0,-27.2,-28.8,4600
positive_akash,vektora_positive0009.wav,1.0,-16.3,1.0,0.0008,0,0,0,-30.2,-27.3,7800
positive_akash,vektora_positive0010.wav,1.0,-8.9,1.0,0.0136,0,0,0,-26.8,-25.9,4320
positive_akash,vektora_positive0011.wav,1.0,-11.1,1.0,0.0213,0,0,0,-28.5,-25.2,7440
positive_akash,vektora_positive0012.wav,1.0,-17.5,0.59,0.0,0,0,0,-28.6,-29.5,4600
positive_akash,vektora_positive0013.wav,1.0,-16.7,0.614,0.0,0,0,0,-25.4,-31.7,4600
positive_akash,vektora_positive0014.wav,1.0,-15.2,0.86,0.0,0,0,0,-33.3,-28.0,6360
positive_akash,vektora_positive0015.wav,1.0,-15.8,0.836,0.0,0,0,0,-32.3,-24.0,7160
positive_akash,vektora_positive0016.wav,1.0,-16.2,0.85,0.0,0,0,0,-27.3,-26.7,4960
positive_akash,vektora_positive0017.wav,1.0,-19.5,0.612,0.0,0,0,0,-35.4,-28.4,4920
positive_akash,vektora_positive0018.wav,1.0,-18.9,0.569,0.0,0,0,0,-33.5,-24.9,5040
positive_akash,vektora_positive0019.wav,1.0,-18.8,0.554,0.0,0,0,0,-32.8,-30.4,4480
positive_akash,vektora_positive0020.wav,1.0,-19.3,0.446,0.0,0,0,0,-33.9,-29.1,4360
positive_akash,vektora_positive0021.wav,1.0,-20.8,0.461,0.0,0,0,0,-32.7,-32.2,4440
positive_akash,vektora_positive0022.wav,1.0,-18.1,0.544,0.0,0,0,0,-30.8,-27.0,7680
positive_akash,vektora_positive0023.wav,1.0,-21.4,0.383,0.0,0,0,0,-29.3,-33.1,5080
positive_akash,vektora_positive0024.wav,1.0,-20.3,0.469,0.0,0,0,0,-37.2,-31.8,5080
positive_akash,vektora_positive0025.wav,1.0,-20.1,0.407,0.0,0,0,0,-34.3,-29.6,5040
positive_akash,vektora_positive0026.wav,1.0,-20.8,0.5,0.0,0,0,0,-38.4,-21.6,7280
positive_akash,vektora_positive0027.wav,1.0,-16.7,0.746,0.0,0,0,0,-33.1,-26.9,5360
positive_akash,vektora_positive0028.wav,1.0,-15.9,0.991,0.0,0,0,0,-34.2,-23.0,6800
positive_akash,vektora_positive0029.wav,1.0,-13.5,1.0,0.0002,0,0,0,-36.9,-30.5,7040
positive_akash,vektora_positive0030.wav,1.0,-18.1,0.67,0.0,0,0,0,-33.2,-31.5,5040
positive_akash,vektora_positive0031.wav,1.0,-21.9,0.461,0.0,0,0,0,-39.5,-25.7,5000
positive_akash,vektora_positive0032.wav,1.0,-20.0,0.615,0.0,0,0,0,-35.5,-21.7,7400
positive_akash,vektora_positive0033.wav,1.0,-14.4,0.985,0.0,0,0,0,-31.8,-23.3,8000
positive_akash,vektora_positive0034.wav,1.0,-16.0,0.995,0.0,0,0,0,-32.6,-15.4,7640
positive_akash,vektora_positive0035.wav,1.0,-23.5,0.301,0.0,0,0,0,-35.2,-37.9,2920
positive_akash,vektora_positive0036.wav,1.0,-22.9,0.452,0.0,0,0,0,-34.9,-34.5,3120
positive_akash,vektora_positive0037.wav,1.0,-23.3,0.241,0.0,0,0,0,-33.3,-33.6,3040
positive_akash,vektora_positive0038.wav,1.0,-22.9,0.349,0.0,0,0,0,-37.8,-35.5,5720
positive_akash,vektora_positive0039.wav,1.0,-20.7,0.408,0.0,0,0,0,-35.0,-37.7,5720
positive_akash,vektora_positive0040.wav,1.0,-24.1,0.318,0.0,0,0,0,-37.1,-35.7,2880
positive_akash,vektora_positive0041.wav,1.0,-19.7,0.647,0.0,0,0,0,-32.5,-28.7,7000
positive_akash,vektora_positive0042.wav,1.0,-24.1,0.327,0.0,0,0,0,-34.3,-36.3,3480
positive_akash,vektora_positive0043.wav,1.0,-25.0,0.32,0.0,0,0,0,-34.6,-35.3,3600
positive_akash,vektora_positive0044.wav,1.0,-23.8,0.344,0.0,0,0,0,-34.1,-35.9,6840
positive_akash,vektora_positive0045.wav,1.0,-23.1,0.401,0.0,0,0,0,-34.8,-37.2,4760
positive_akash,vektora_positive0046.wav,1.0,-21.9,0.332,0.0,0,0,0,-33.9,-37.2,3440
positive_akash,vektora_positive0047.wav,1.0,-24.3,0.312,0.0,0,0,0,-34.3,-36.0,3640
positive_akash,vektora_positive0048.wav,1.0,-23.5,0.411,0.0,0,0,0,-34.0,-34.0,5720
positive_akash,vektora_positive0049.wav,1.0,-21.4,0.476,0.0,0,0,0,-35.5,-37.0,5840
positive_akash,vektora_positive0050.wav,1.0,-19.9,0.6,0.0,0,0,0,-34.4,-24.7,5200
positive_akash,vektora_positive0053.wav,1.0,-26.4,0.344,0.0,0,0,0,-39.0,-31.8,7440
positive_akash,vektora_positive0054.wav,1.0,-25.0,0.3,0.0,0,0,0,-31.9,-34.6,3840
positive_akash,vektora_positive0055.wav,1.0,-25.2,0.336,0.0,0,0,0,-36.3,-36.4,3480
positive_akash,vektora_positive0056.wav,1.0,-24.5,0.318,0.0,0,0,0,-34.1,-38.2,4040
positive_akash,vektora_positive0057.wav,1.0,-23.5,0.508,0.0,0,0,0,-36.0,-32.0,4920
positive_akash,vektora_positive0058.wav,1.0,-22.7,0.43,0.0,0,0,0,-37.6,-36.6,5600
positive_akash,vektora_positive0059.wav,1.0,-21.9,0.369,0.0,0,0,0,-32.4,-36.7,3360
positive_akash,vektora_positive0060.wav,1.0,-21.3,0.397,0.0,0,0,0,-32.6,-37.6,3480
positive_akash,vektora_positive0061.wav,1.0,-23.9,0.243,0.0,0,0,0,-32.5,-31.6,5560
positive_akash,vektora_positive0062.wav,1.0,-23.4,0.306,0.0,0,0,0,-29.8,-26.0,5880
positive_akash,vektora_positive0063.wav,1.0,-20.8,0.586,0.0,0,0,0,-31.5,-34.9,6080
positive_akash,vektora_positive0064.wav,1.0,-19.9,0.556,0.0,0,0,0,-30.5,-37.2,3960
positive_akash,vektora_positive0065.wav,1.0,-22.7,0.34,0.0,0,0,0,-33.9,-35.1,5600
positive_akash,vektora_positive0066.wav,1.0,-24.4,0.302,0.0,0,0,0,-32.6,-35.5,3600
positive_akash,vektora_positive0067.wav,1.0,-24.7,0.297,0.0,0,0,0,-34.4,-32.9,5640
positive_akash,vektora_positive0069.wav,1.0,-19.5,0.627,0.0,0,0,0,-31.1,-35.3,5720
positive_akash,vektora_positive0070.wav,1.0,-20.8,0.526,0.0,0,0,0,-32.3,-38.6,3440
positive_akash,vektora_positive0071.wav,1.0,-16.7,0.892,0.0,0,0,0,-33.8,-37.2,6000
positive_akash,vektora_positive0072.wav,1.0,-16.4,1.0,0.0013,0,0,0,-34.7,-35.4,5800
positive_akash,vektora_positive0073.wav,1.0,-16.7,1.0,0.001,0,0,0,-34.0,-32.1,6240
positive_akash,vektora_positive0074.wav,1.0,-10.6,1.0,0.005,0,0,0,-28.6,-36.2,2600
positive_akash,vektora_positive0075.wav,1.0,-8.5,1.0,0.0035,0,0,0,-19.1,-37.6,2560
positive_akash,vektora_positive0076.wav,1.0,-17.6,0.798,0.0,0,0,0,-23.6,-39.5,3520
positive_akash,vektora_positive0077.wav,1.0,-16.4,0.843,0.0,0,0,0,-31.9,-37.0,5760
positive_akash,vektora_positive0078.wav,1.0,-24.3,0.313,0.0,0,0,0,-37.3,-33.4,7080
positive_akash,vektora_positive0079.wav,1.0,-18.2,0.616,0.0,0,0,0,-30.4,-34.0,5840
negative_akash,vektora_negative0000.wav,1.0,-21.3,0.61,0.0,0,0,0,-34.6,-29.9,5320
negative_akash,vektora_negative0001.wav,1.0,-20.0,1.0,0.0001,0,0,0,-34.5,-23.4,7400
negative_akash,vektora_negative0002.wav,1.0,-21.9,0.701,0.0,0,0,0,-36.0,-18.1,4960
negative_akash,vektora_negative0003.wav,1.0,-20.6,0.798,0.0,0,0,0,-35.3,-18.9,7480
negative_akash,vektora_negative0004.wav,1.0,-21.3,0.576,0.0,0,0,0,-38.5,-15.4,8000
negative_akash,vektora_negative0005.wav,1.0,-18.4,0.573,0.0,0,0,0,-38.6,-25.8,7400
negative_akash,vektora_negative0006.wav,1.0,-18.7,0.519,0.0,0,0,0,-36.3,-29.2,7400
negative_akash,vektora_negative0007.wav,1.0,-18.5,0.625,0.0,0,0,0,-39.1,-23.0,7440
negative_akash,vektora_negative0008.wav,1.0,-18.0,0.84,0.0,0,0,0,-33.3,-23.2,7480
negative_akash,vektora_negative0009.wav,1.0,-19.8,0.927,0.0,0,0,0,-35.8,-24.9,7280
negative_akash,vektora_negative0010.wav,1.0,-18.0,0.91,0.0,0,0,0,-38.3,-19.6,7560
negative_akash,vektora_negative0011.wav,1.0,-19.3,0.7,0.0,0,0,0,-31.3,-22.3,7320
negative_akash,vektora_negative0012.wav,1.0,-19.6,0.873,0.0,0,0,0,-35.6,-14.7,7560
negative_akash,vektora_negative0013.wav,1.0,-20.1,0.956,0.0,0,0,0,-35.6,-11.7,8000
negative_akash,vektora_negative0014.wav,1.0,-16.8,1.0,0.0009,0,0,0,-35.0,-20.4,7320
negative_akash,vektora_negative0015.wav,1.0,-20.6,0.766,0.0,0,0,0,-34.4,-24.3,7400
negative_akash,vektora_negative0016.wav,1.0,-17.3,0.905,0.0,0,0,0,-34.1,-13.4,8000
negative_akash,vektora_negative0017.wav,1.0,-14.9,0.86,0.0,0,0,0,-32.4,-24.9,7840
negative_akash,vektora_negative0018.wav,1.0,-16.2,0.827,0.0,0,0,0,-31.7,-21.2,7440
negative_akash,vektora_negative0019.wav,1.0,-21.0,0.548,0.0,0,0,0,-38.8,-31.2,7400
negative_akash,vektora_negative0020.wav,1.0,-18.2,0.844,0.0,0,0,0,-34.2,-16.8,8000
negative_akash,vektora_negative0021.wav,1.0,-13.8,1.0,0.0056,0,0,0,-33.1,-24.2,7320
negative_akash,vektora_negative0022.wav,1.0,-18.5,0.635,0.0,0,0,0,-38.2,-20.3,7520
negative_akash,vektora_negative0023.wav,1.0,-16.4,0.731,0.0,0,0,0,-33.5,-25.6,6800
negative_akash,vektora_negative0024.wav,1.0,-19.5,0.617,0.0,0,0,0,-31.2,-28.4,6920
negative_akash,vektora_negative0025.wav,1.0,-17.3,1.0,0.0003,0,0,0,-31.0,-25.9,7000
negative_akash,vektora_negative0026.wav,1.0,-12.3,0.913,0.0,0,0,0,-23.1,-29.0,3920
negative_akash,vektora_negative0027.wav,1.0,-21.7,0.604,0.0,0,0,0,-38.7,-28.4,6600
negative_akash,vektora_negative0028.wav,1.0,-19.6,0.849,0.0,0,0,0,-33.7,-28.0,6880
negative_akash,vektora_negative0029.wav,1.0,-18.6,0.61,0.0,0,0,0,-31.5,-29.9,4840
negative_akash,vektora_negative0030.wav,1.0,-20.4,0.464,0.0,0,0,0,-33.8,-29.3,6400
negative_akash,vektora_negative0031.wav,1.0,-18.5,0.647,0.0,0,0,0,-31.9,-29.3,4840
negative_akash,vektora_negative0032.wav,1.0,-22.6,0.387,0.0,0,0,0,-37.1,-28.4,7160
negative_akash,vektora_negative0033.wav,1.0,-20.0,0.476,0.0,0,0,0,-35.5,-28.1,5080
negative_akash,vektora_negative0034.wav,1.0,-22.9,0.54,0.0,0,0,0,-32.4,-31.1,4560
negative_akash,vektora_negative0035.wav,1.0,-23.3,0.451,0.0,0,0,0,-36.1,-21.5,7880
negative_akash,vektora_negative0036.wav,1.0,-18.6,0.881,0.0,0,0,0,-33.0,-26.7,6720
negative_akash,vektora_negative0037.wav,1.0,-12.0,0.94,0.0,0,0,0,-25.6,-22.5,4520
negative_akash,vektora_negative0038.wav,1.0,-17.9,0.627,0.0,0,0,0,-31.9,-27.1,4840
negative_akash,vektora_negative0039.wav,1.0,-15.5,0.986,0.0,0,0,0,-36.0,-23.5,6360
negative_akash,vektora_negative0040.wav,1.0,-20.5,0.817,0.0,0,0,0,-38.9,-26.7,4480
negative_akash,vektora_negative0041.wav,1.0,-21.7,0.5,0.0,0,0,0,-38.4,-34.6,4600
negative_akash,vektora_negative0042.wav,1.0,-25.8,0.345,0.0,0,0,0,-32.3,-5.0,8000
negative_akash,vektora_negative0043.wav,1.0,-21.9,0.423,0.0,0,0,0,-39.9,-22.5,4280
negative_akash,vektora_negative0044.wav,1.0,-24.9,0.68,0.0,0,0,0,-36.2,-26.9,7160
negative_akash,vektora_negative0045.wav,1.0,-18.5,0.596,0.0,0,0,0,-33.0,-31.0,6760
negative_akash,vektora_negative0046.wav,1.0,-17.3,0.629,0.0,0,0,0,-35.5,-17.7,7520
negative_akash,vektora_negative0047.wav,1.0,-18.0,0.764,0.0,0,0,0,-27.4,-23.9,7800
negative_akash,vektora_negative0048.wav,1.0,-18.3,0.707,0.0,0,0,0,-30.0,-16.6,8000
negative_akash,vektora_negative0049.wav,1.0,-15.5,0.689,0.0,0,0,0,-27.5,-30.1,6960
negative_akash,vektora_negative0050.wav,1.0,-17.0,0.515,0.0,0,0,0,-29.9,-29.8,4720
negative_akash,vektora_negative0051.wav,1.0,-17.7,0.589,0.0,0,0,0,-26.6,-26.9,7040
negative_akash,vektora_negative0052.wav,1.0,-15.5,0.906,0.0,0,0,0,-26.8,-22.4,7760
negative_akash,vektora_negative0053.wav,1.0,-12.2,1.0,0.0105,0,0,0,-37.5,-26.5,7080
negative_akash,vektora_negative0054.wav,1.0,-17.5,0.809,0.0,0,0,0,-27.3,-20.5,7880
negative_akash,vektora_negative0055.wav,1.0,-22.2,0.512,0.0,0,0,0,-37.1,-31.5,5080
negative_akash,vektora_negative0056.wav,1.0,-22.1,0.545,0.0,0,0,0,-33.1,-20.1,7760
negative_akash,vektora_negative0057.wav,1.0,-24.2,0.37,0.0,0,0,0,-33.6,-22.3,8000
negative_akash,vektora_negative0058.wav,1.0,-24.6,0.356,0.0,0,0,0,-36.1,-31.5,5360
negative_akash,vektora_negative0059.wav,1.0,-33.7,0.074,0.0,0,0,0,-40.3,-23.3,3360
negative_akash,vektora_negative0060.wav,1.0,-22.2,0.63,0.0,0,0,0,-37.4,-33.6,5760
negative_akash,vektora_negative0061.wav,1.0,-27.0,0.471,0.0,0,0,0,-35.4,-24.2,7360
negative_akash,vektora_negative0062.wav,1.0,-25.4,0.401,0.0,0,0,0,-38.3,-30.0,2760
negative_akash,vektora_negative0063.wav,1.0,-21.9,0.326,0.0,0,0,0,-31.0,-36.2,5520
negative_akash,vektora_negative0064.wav,1.0,-22.2,0.336,0.0,0,0,0,-32.0,-33.7,5600
negative_akash,vektora_negative0065.wav,1.0,-24.3,0.2,0.0,0,0,0,-32.6,-28.8,2720
negative_akash,vektora_negative0066.wav,1.0,-23.9,0.302,0.0,0,0,0,-36.1,-28.9,4840
negative_akash,vektora_negative0067.wav,1.0,-23.7,0.386,0.0,0,0,0,-40.0,-36.1,3240
negative_akash,vektora_negative0068.wav,1.0,-22.3,0.318,0.0,0,0,0,-33.3,-36.3,2800
negative_akash,vektora_negative0069.wav,1.0,-27.5,0.221,0.0,0,0,0,-38.1,-24.0,5800
negative_akash,vektora_negative0070.wav,1.0,-25.7,0.278,0.0,0,0,0,-37.6,-28.5,2840
negative_akash,vektora_negative0071.wav,1.0,-23.7,0.466,0.0,0,0,0,-35.0,-26.9,7360
negative_akash,vektora_negative0073.wav,1.0,-22.5,0.788,0.0,0,0,0,-38.6,-37.3,5720
negative_akash,vektora_negative0074.wav,1.0,-21.1,0.735,0.0,0,0,0,-33.6,-32.4,3800
negative_akash,vektora_negative0075.wav,1.0,-18.6,0.514,0.0,0,0,0,-29.5,-34.8,2960
negative_akash,vektora_negative0076.wav,1.0,-21.7,0.672,0.0,0,0,0,-34.2,-36.5,3480
negative_akash,vektora_negative0077.wav,1.0,-21.6,0.443,0.0,0,0,0,-39.8,-37.0,3760
negative_akash,vektora_negative0078.wav,1.0,-24.3,0.341,0.0,0,0,0,-34.3,-17.8,7960
negative_akash,vektora_negative0079.wav,1.0,-25.5,0.61,0.0,0,0,0,-38.2,-36.1,5920
negative_akash,vektora_negative0080.wav,1.0,-21.6,0.525,0.0,0,0,0,-36.3,-39.5,3520
negative_akash,vektora_negative0081.wav,1.0,-23.0,0.373,0.0,0,0,0,-37.2,-37.8,3840
negative_akash,vektora_negative0082.wav,1.0,-18.6,0.441,0.0,0,0,0,-32.4,-36.4,2320
negative_akash,vektora_negative0083.wav,1.0,-21.8,0.427,0.0,0,0,0,-35.8,-40.0,3480
negative_akash,vektora_negative0084.wav,1.0,-24.8,0.497,0.0,0,0,0,-33.5,-27.2,5240
negative_akash,vektora_negative0085.wav,1.0,-23.1,0.841,0.0,0,0,0,-37.8,-34.8,5800
negative_akash,vektora_negative0088.wav,1.0,-13.9,1.0,0.0066,0,0,0,-32.9,-26.8,6360
negative_akash,vektora_negative0089.wav,1.0,-17.5,1.0,0.0002,0,0,0,-31.6,-18.7,7400
negative_akash,vektora_negative0090.wav,1.0,-18.4,0.913,0.0,0,0,0,-37.1,-19.3,6920
negative_akash,vektora_negative0091.wav,1.0,-22.8,0.511,0.0,0,0,0,-36.4,-17.6,7960
negative_akash,vektora_negative0092.wav,1.0,-12.8,1.0,0.0027,0,0,0,-27.4,-23.7,4880
negative_akash,vektora_negative0093.wav,1.0,-13.6,1.0,0.0036,0,0,0,-37.7,-25.8,6320
negative_akash,vektora_negative0094.wav,1.0,-14.4,1.0,0.0019,0,0,0,-26.8,-30.9,6080
negative_akash,vektora_negative0095.wav,1.0,-16.2,0.901,0.0,0,0,0,-25.7,-27.4,4760
negative_akash,vektora_negative0096.wav,1.0,-16.9,0.804,0.0,0,0,0,-34.6,-23.2,6480
negative_akash,vektora_negative0097.wav,1.0,-16.9,0.728,0.0,0,0,0,-38.7,-29.1,4560
negative_akash,vektora_negative0098.wav,1.0,-13.5,1.0,0.0056,0,0,0,-31.3,-21.4,8000
negative_akash,vektora_negative0099.wav,1.0,-10.4,1.0,0.0103,0,0,0,-26.6,-27.3,6800
negative_akash,vektora_negative0100.wav,1.0,-8.7,1.0,0.0369,0,0,0,-28.6,-24.3,8000
negative_akash,vektora_negative0101.wav,1.0,-7.9,1.0,0.0748,0,0,0,-23.5,-16.9,8000
negative_akash,vektora_negative0102.wav,1.0,-5.1,1.0,0.0408,0,0,0,-26.1,-29.2,3720
